# Time (hours),k1,k2,k3
0.000000,1.886367,0.121670,0.001761
0.001001,1.886367,0.121670,0.001761
0.002002,1.886367,0.121670,0.001761
0.003003,1.886367,0.121670,0.001761
0.004004,1.886367,0.121670,0.001761
0.005005,1.886367,0.121670,0.001761
0.006006,1.886367,0.121670,0.001761
0.007007,1.886367,0.121670,0.001761
0.008008,1.886367,0.121670,0.001761
0.009009,1.886367,0.121670,0.001761
0.010010,1.886367,0.121670,0.001761
0.011011,1.886367,0.121670,0.001761
0.012012,1.886367,0.121670,0.001761
0.013013,1.886367,0.121670,0.001761
0.014014,1.886367,0.121670,0.001761
0.015015,1.886367,0.121670,0.001761
0.016016,1.886367,0.121670,0.001761
0.017017,1.886367,0.121670,0.001761
0.018018,1.886367,0.121670,0.001761
0.019019,1.886367,0.121670,0.001761
0.020020,1.886367,0.121670,0.001761
0.021021,1.886367,0.121670,0.001761
0.022022,1.886367,0.121670,0.001761
0.023023,1.886367,0.121670,0.001761
0.024024,1.886367,0.121670,0.001761
0.025025,1.886367,0.121670,0.001761
0.026026,1.886367,0.121670,0.001761
0.027027,1.886367,0.121670,0.001761
0.028028,1.886367,0.121670,0.001761
0.029029,1.886367,0.121670,0.001761
0.030030,1.886367,0.121670,0.001761
0.031031,1.886367,0.121670,0.001761
0.032032,1.886367,0.121670,0.001761
0.033033,1.886367,0.121670,0.001761
0.034034,1.886367,0.121670,0.001761
0.035035,1.886367,0.121670,0.001761
0.036036,1.886367,0.121670,0.001761
0.037037,1.886367,0.121670,0.001761
0.038038,1.886367,0.121670,0.001761
0.039039,1.886367,0.121670,0.001761
0.040040,1.886367,0.121670,0.001761
0.041041,1.886367,0.121670,0.001761
0.042042,1.886367,0.121670,0.001761
0.043043,1.886367,0.121670,0.001761
0.044044,1.886367,0.121670,0.001761
0.045045,1.886367,0.121670,0.001761
0.046046,1.886367,0.121670,0.001761
0.047047,1.886367,0.121670,0.001761
0.048048,1.886367,0.121670,0.001761
0.049049,1.886367,0.121670,0.001761
0.050050,1.886367,0.121670,0.001761
0.051051,1.886367,0.121670,0.001761
0.052052,1.886367,0.121670,0.001761
0.053053,1.886367,0.121670,0.001761
0.054054,1.886367,0.121670,0.001761
0.055055,1.886367,0.121670,0.001761
0.056056,1.886367,0.121670,0.001761
0.057057,1.886367,0.121670,0.001761
0.058058,1.886367,0.121670,0.001761
0.059059,1.886367,0.121670,0.001761
0.060060,1.886367,0.121670,0.001761
0.061061,1.886367,0.121670,0.001761
0.062062,1.886367,0.121670,0.001761
0.063063,1.886367,0.121670,0.001761
0.064064,1.886367,0.121670,0.001761
0.065065,1.886367,0.121670,0.001761
0.066066,1.886367,0.121670,0.001761
0.067067,1.886367,0.121670,0.001761
0.068068,1.886367,0.121670,0.001761
0.069069,1.886367,0.121670,0.001761
0.070070,1.886367,0.121670,0.001761
0.071071,1.886367,0.121670,0.001761
0.072072,1.886367,0.121670,0.001761
0.073073,1.886367,0.121670,0.001761
0.074074,1.886367,0.121670,0.001761
0.075075,1.886367,0.121670,0.001761
0.076076,1.886367,0.121670,0.001761
0.077077,1.886367,0.121670,0.001761
0.078078,1.886367,0.121670,0.001761
0.079079,1.886367,0.121670,0.001761
0.080080,1.886367,0.121670,0.001761
0.081081,1.886367,0.121670,0.001761
0.082082,1.886367,0.121670,0.001761
0.083083,1.886367,0.121670,0.001761
0.084084,1.886367,0.121670,0.001761
0.085085,1.886367,0.121670,0.001761
0.086086,1.886367,0.121670,0.001761
0.087087,1.886367,0.121670,0.001761
0.088088,1.886367,0.121670,0.001761
0.089089,1.886367,0.121670,0.001761
0.090090,1.886367,0.121670,0.001761
0.091091,1.886367,0.121670,0.001761
0.092092,1.886367,0.121670,0.001761
0.093093,1.886367,0.121670,0.001761
0.094094,1.886367,0.121670,0.001761
0.095095,1.886367,0.121670,0.001761
0.096096,1.886367,0.121670,0.001761
0.097097,1.886367,0.121670,0.001761
0.098098,1.886367,0.121670,0.001761
0.099099,1.886367,0.121670,0.001761
0.100100,1.886367,0.121670,0.001761
0.101101,1.886367,0.121670,0.001761
0.102102,1.886367,0.121670,0.001761
0.103103,1.886367,0.121670,0.001761
0.104104,1.886367,0.121670,0.001761
0.105105,1.886367,0.121670,0.001761
0.106106,1.886367,0.121670,0.001761
0.107107,1.886367,0.121670,0.001761
0.108108,1.886367,0.121670,0.001761
0.109109,1.886367,0.121670,0.001761
0.110110,1.886367,0.121670,0.001761
0.111111,1.886367,0.121670,0.001761
0.112112,1.886367,0.121670,0.001761
0.113113,1.886367,0.121670,0.001761
0.114114,1.886367,0.121670,0.001761
0.115115,1.886367,0.121670,0.001761
0.116116,1.886367,0.121670,0.001761
0.117117,1.886367,0.121670,0.001761
0.118118,1.886367,0.121670,0.001761
0.119119,1.886367,0.121670,0.001761
0.120120,1.886367,0.121670,0.001761
0.121121,1.886367,0.121670,0.001761
0.122122,1.886367,0.121670,0.001761
0.123123,1.886367,0.121670,0.001761
0.124124,1.886367,0.121670,0.001761
0.125125,1.886367,0.121670,0.001761
0.126126,1.886367,0.121670,0.001761
0.127127,1.886367,0.121670,0.001761
0.128128,1.886367,0.121670,0.001761
0.129129,1.886367,0.121670,0.001761
0.130130,1.886367,0.121670,0.001761
0.131131,1.886367,0.121670,0.001761
0.132132,1.886367,0.121670,0.001761
0.133133,1.886367,0.121670,0.001761
0.134134,1.886367,0.121670,0.001761
0.135135,1.886367,0.121670,0.001761
0.136136,1.886367,0.121670,0.001761
0.137137,1.886367,0.121670,0.001761
0.138138,1.886367,0.121670,0.001761
0.139139,1.886367,0.121670,0.001761
0.140140,1.886367,0.121670,0.001761
0.141141,1.886367,0.121670,0.001761
0.142142,1.886367,0.121670,0.001761
0.143143,1.886367,0.121670,0.001761
0.144144,1.886367,0.121670,0.001761
0.145145,1.886367,0.121670,0.001761
0.146146,1.886367,0.121670,0.001761
0.147147,1.886367,0.121670,0.001761
0.148148,1.886367,0.121670,0.001761
0.149149,1.886367,0.121670,0.001761
0.150150,1.886367,0.121670,0.001761
0.151151,1.886367,0.121670,0.001761
0.152152,1.886367,0.121670,0.001761
0.153153,1.886367,0.121670,0.001761
0.154154,1.886367,0.121670,0.001761
0.155155,1.886367,0.121670,0.001761
0.156156,1.886367,0.121670,0.001761
0.157157,1.886367,0.121670,0.001761
0.158158,1.886367,0.121670,0.001761
0.159159,1.886367,0.121670,0.001761
0.160160,1.886367,0.121670,0.001761
0.161161,1.886367,0.121670,0.001761
0.162162,1.886367,0.121670,0.001761
0.163163,1.886367,0.121670,0.001761
0.164164,1.886367,0.121670,0.001761
0.165165,1.886367,0.121670,0.001761
0.166166,1.886367,0.121670,0.001761
0.167167,1.886367,0.121670,0.001761
0.168168,1.886367,0.121670,0.001761
0.169169,1.886367,0.121670,0.001761
0.170170,1.886367,0.121670,0.001761
0.171171,1.886367,0.121670,0.001761
0.172172,1.886367,0.121670,0.001761
0.173173,1.886367,0.121670,0.001761
0.174174,1.886367,0.121670,0.001761
0.175175,1.886367,0.121670,0.001761
0.176176,1.886367,0.121670,0.001761
0.177177,1.886367,0.121670,0.001761
0.178178,1.886367,0.121670,0.001761
0.179179,1.886367,0.121670,0.001761
0.180180,1.886367,0.121670,0.001761
0.181181,1.886367,0.121670,0.001761
0.182182,1.886367,0.121670,0.001761
0.183183,1.886367,0.121670,0.001761
0.184184,1.886367,0.121670,0.001761
0.185185,1.886367,0.121670,0.001761
0.186186,1.886367,0.121670,0.001761
0.187187,1.886367,0.121670,0.001761
0.188188,1.886367,0.121670,0.001761
0.189189,1.886367,0.121670,0.001761
0.190190,1.886367,0.121670,0.001761
0.191191,1.886367,0.121670,0.001761
0.192192,1.886367,0.121670,0.001761
0.193193,1.886367,0.121670,0.001761
0.194194,1.886367,0.121670,0.001761
0.195195,1.886367,0.121670,0.001761
0.196196,1.886367,0.121670,0.001761
0.197197,1.886367,0.121670,0.001761
0.198198,1.886367,0.121670,0.001761
0.199199,1.886367,0.121670,0.001761
0.200200,1.886367,0.121670,0.001761
0.201201,1.886367,0.121670,0.001761
0.202202,1.886367,0.121670,0.001761
0.203203,1.886367,0.121670,0.001761
0.204204,1.886367,0.121670,0.001761
0.205205,1.886367,0.121670,0.001761
0.206206,1.886367,0.121670,0.001761
0.207207,1.886367,0.121670,0.001761
0.208208,1.886367,0.121670,0.001761
0.209209,1.886367,0.121670,0.001761
0.210210,1.886367,0.121670,0.001761
0.211211,1.886367,0.121670,0.001761
0.212212,1.886367,0.121670,0.001761
0.213213,1.886367,0.121670,0.001761
0.214214,1.886367,0.121670,0.001761
0.215215,1.886367,0.121670,0.001761
0.216216,1.886367,0.121670,0.001761
0.217217,1.886367,0.121670,0.001761
0.218218,1.886367,0.121670,0.001761
0.219219,1.886367,0.121670,0.001761
0.220220,1.886367,0.121670,0.001761
0.221221,1.886367,0.121670,0.001761
0.222222,1.886367,0.121670,0.001761
0.223223,1.886367,0.121670,0.001761
0.224224,1.886367,0.121670,0.001761
0.225225,1.886367,0.121670,0.001761
0.226226,1.886367,0.121670,0.001761
0.227227,1.886367,0.121670,0.001761
0.228228,1.886367,0.121670,0.001761
0.229229,1.886367,0.121670,0.001761
0.230230,1.886367,0.121670,0.001761
0.231231,1.886367,0.121670,0.001761
0.232232,1.886367,0.121670,0.001761
0.233233,1.886367,0.121670,0.001761
0.234234,1.886367,0.121670,0.001761
0.235235,1.886367,0.121670,0.001761
0.236236,1.886367,0.121670,0.001761
0.237237,1.886367,0.121670,0.001761
0.238238,1.886367,0.121670,0.001761
0.239239,1.886367,0.121670,0.001761
0.240240,1.886367,0.121670,0.001761
0.241241,1.886367,0.121670,0.001761
0.242242,1.886367,0.121670,0.001761
0.243243,1.886367,0.121670,0.001761
0.244244,1.886367,0.121670,0.001761
0.245245,1.886367,0.121670,0.001761
0.246246,1.886367,0.121670,0.001761
0.247247,1.886367,0.121670,0.001761
0.248248,1.886367,0.121670,0.001761
0.249249,1.886367,0.121670,0.001761
0.250250,1.886367,0.121670,0.001761
0.251251,1.886367,0.121670,0.001761
0.252252,1.886367,0.121670,0.001761
0.253253,1.886367,0.121670,0.001761
0.254254,1.886367,0.121670,0.001761
0.255255,1.886367,0.121670,0.001761
0.256256,1.886367,0.121670,0.001761
0.257257,1.886367,0.121670,0.001761
0.258258,1.886367,0.121670,0.001761
0.259259,1.886367,0.121670,0.001761
0.260260,1.886367,0.121670,0.001761
0.261261,1.886367,0.121670,0.001761
0.262262,1.886367,0.121670,0.001761
0.263263,1.886367,0.121670,0.001761
0.264264,1.886367,0.121670,0.001761
0.265265,1.886367,0.121670,0.001761
0.266266,1.886367,0.121670,0.001761
0.267267,1.886367,0.121670,0.001761
0.268268,1.886367,0.121670,0.001761
0.269269,1.886367,0.121670,0.001761
0.270270,1.886367,0.121670,0.001761
0.271271,1.886367,0.121670,0.001761
0.272272,1.886367,0.121670,0.001761
0.273273,1.886367,0.121670,0.001761
0.274274,1.886367,0.121670,0.001761
0.275275,1.886367,0.121670,0.001761
0.276276,1.886367,0.121670,0.001761
0.277277,1.886367,0.121670,0.001761
0.278278,1.886367,0.121670,0.001761
0.279279,1.886367,0.121670,0.001761
0.280280,1.886367,0.121670,0.001761
0.281281,1.886367,0.121670,0.001761
0.282282,1.886367,0.121670,0.001761
0.283283,1.886367,0.121670,0.001761
0.284284,1.886367,0.121670,0.001761
0.285285,1.886367,0.121670,0.001761
0.286286,1.886367,0.121670,0.001761
0.287287,1.886367,0.121670,0.001761
0.288288,1.886367,0.121670,0.001761
0.289289,1.886367,0.121670,0.001761
0.290290,1.886367,0.121670,0.001761
0.291291,1.886367,0.121670,0.001761
0.292292,1.886367,0.121670,0.001761
0.293293,1.886367,0.121670,0.001761
0.294294,1.886367,0.121670,0.001761
0.295295,1.886367,0.121670,0.001761
0.296296,1.886367,0.121670,0.001761
0.297297,1.886367,0.121670,0.001761
0.298298,1.886367,0.121670,0.001761
0.299299,1.886367,0.121670,0.001761
0.300300,1.886367,0.121670,0.001761
0.301301,1.886367,0.121670,0.001761
0.302302,1.886367,0.121670,0.001761
0.303303,1.886367,0.121670,0.001761
0.304304,1.886367,0.121670,0.001761
0.305305,1.886367,0.121670,0.001761
0.306306,1.886367,0.121670,0.001761
0.307307,1.886367,0.121670,0.001761
0.308308,1.886367,0.121670,0.001761
0.309309,1.886367,0.121670,0.001761
0.310310,1.886367,0.121670,0.001761
0.311311,1.886367,0.121670,0.001761
0.312312,1.886367,0.121670,0.001761
0.313313,1.886367,0.121670,0.001761
0.314314,1.886367,0.121670,0.001761
0.315315,1.886367,0.121670,0.001761
0.316316,1.886367,0.121670,0.001761
0.317317,1.886367,0.121670,0.001761
0.318318,1.886367,0.121670,0.001761
0.319319,1.886367,0.121670,0.001761
0.320320,1.886367,0.121670,0.001761
0.321321,1.886367,0.121670,0.001761
0.322322,1.886367,0.121670,0.001761
0.323323,1.886367,0.121670,0.001761
0.324324,1.886367,0.121670,0.001761
0.325325,1.886367,0.121670,0.001761
0.326326,1.886367,0.121670,0.001761
0.327327,1.886367,0.121670,0.001761
0.328328,1.886367,0.121670,0.001761
0.329329,1.886367,0.121670,0.001761
0.330330,1.886367,0.121670,0.001761
0.331331,1.886367,0.121670,0.001761
0.332332,1.886367,0.121670,0.001761
0.333333,1.886367,0.121670,0.001761
0.334334,1.886367,0.121670,0.001761
0.335335,1.886367,0.121670,0.001761
0.336336,1.886367,0.121670,0.001761
0.337337,1.886367,0.121670,0.001761
0.338338,1.886367,0.121670,0.001761
0.339339,1.886367,0.121670,0.001761
0.340340,1.886367,0.121670,0.001761
0.341341,1.886367,0.121670,0.001761
0.342342,1.886367,0.121670,0.001761
0.343343,1.886367,0.121670,0.001761
0.344344,1.886367,0.121670,0.001761
0.345345,1.886367,0.121670,0.001761
0.346346,1.886367,0.121670,0.001761
0.347347,1.886367,0.121670,0.001761
0.348348,1.886367,0.121670,0.001761
0.349349,1.886367,0.121670,0.001761
0.350350,1.886367,0.121670,0.001761
0.351351,1.886367,0.121670,0.001761
0.352352,1.886367,0.121670,0.001761
0.353353,1.886367,0.121670,0.001761
0.354354,1.886367,0.121670,0.001761
0.355355,1.886367,0.121670,0.001761
0.356356,1.886367,0.121670,0.001761
0.357357,1.886367,0.121670,0.001761
0.358358,1.886367,0.121670,0.001761
0.359359,1.886367,0.121670,0.001761
0.360360,1.886367,0.121670,0.001761
0.361361,1.886367,0.121670,0.001761
0.362362,1.886367,0.121670,0.001761
0.363363,1.886367,0.121670,0.001761
0.364364,1.886367,0.121670,0.001761
0.365365,1.886367,0.121670,0.001761
0.366366,1.886367,0.121670,0.001761
0.367367,1.886367,0.121670,0.001761
0.368368,1.886367,0.121670,0.001761
0.369369,1.886367,0.121670,0.001761
0.370370,1.886367,0.121670,0.001761
0.371371,1.886367,0.121670,0.001761
0.372372,1.886367,0.121670,0.001761
0.373373,1.886367,0.121670,0.001761
0.374374,1.886367,0.121670,0.001761
0.375375,1.886367,0.121670,0.001761
0.376376,1.886367,0.121670,0.001761
0.377377,1.886367,0.121670,0.001761
0.378378,1.886367,0.121670,0.001761
0.379379,1.886367,0.121670,0.001761
0.380380,1.886367,0.121670,0.001761
0.381381,1.886367,0.121670,0.001761
0.382382,1.886367,0.121670,0.001761
0.383383,1.886367,0.121670,0.001761
0.384384,1.886367,0.121670,0.001761
0.385385,1.886367,0.121670,0.001761
0.386386,1.886367,0.121670,0.001761
0.387387,1.886367,0.121670,0.001761
0.388388,1.886367,0.121670,0.001761
0.389389,1.886367,0.121670,0.001761
0.390390,1.886367,0.121670,0.001761
0.391391,1.886367,0.121670,0.001761
0.392392,1.886367,0.121670,0.001761
0.393393,1.886367,0.121670,0.001761
0.394394,1.886367,0.121670,0.001761
0.395395,1.886367,0.121670,0.001761
0.396396,1.886367,0.121670,0.001761
0.397397,1.886367,0.121670,0.001761
0.398398,1.886367,0.121670,0.001761
0.399399,1.886367,0.121670,0.001761
0.400400,1.886367,0.121670,0.001761
0.401401,1.886367,0.121670,0.001761
0.402402,1.886367,0.121670,0.001761
0.403403,1.886367,0.121670,0.001761
0.404404,1.886367,0.121670,0.001761
0.405405,1.886367,0.121670,0.001761
0.406406,1.886367,0.121670,0.001761
0.407407,1.886367,0.121670,0.001761
0.408408,1.886367,0.121670,0.001761
0.409409,1.886367,0.121670,0.001761
0.410410,1.886367,0.121670,0.001761
0.411411,1.886367,0.121670,0.001761
0.412412,1.886367,0.121670,0.001761
0.413413,1.886367,0.121670,0.001761
0.414414,1.886367,0.121670,0.001761
0.415415,1.886367,0.121670,0.001761
0.416416,1.886367,0.121670,0.001761
0.417417,1.886367,0.121670,0.001761
0.418418,1.886367,0.121670,0.001761
0.419419,1.886367,0.121670,0.001761
0.420420,1.886367,0.121670,0.001761
0.421421,1.886367,0.121670,0.001761
0.422422,1.886367,0.121670,0.001761
0.423423,1.886367,0.121670,0.001761
0.424424,1.886367,0.121670,0.001761
0.425425,1.886367,0.121670,0.001761
0.426426,1.886367,0.121670,0.001761
0.427427,1.886367,0.121670,0.001761
0.428428,1.886367,0.121670,0.001761
0.429429,1.886367,0.121670,0.001761
0.430430,1.886367,0.121670,0.001761
0.431431,1.886367,0.121670,0.001761
0.432432,1.886367,0.121670,0.001761
0.433433,1.886367,0.121670,0.001761
0.434434,1.886367,0.121670,0.001761
0.435435,1.886367,0.121670,0.001761
0.436436,1.886367,0.121670,0.001761
0.437437,1.886367,0.121670,0.001761
0.438438,1.886367,0.121670,0.001761
0.439439,1.886367,0.121670,0.001761
0.440440,1.886367,0.121670,0.001761
0.441441,1.886367,0.121670,0.001761
0.442442,1.886367,0.121670,0.001761
0.443443,1.886367,0.121670,0.001761
0.444444,1.886367,0.121670,0.001761
0.445445,1.886367,0.121670,0.001761
0.446446,1.886367,0.121670,0.001761
0.447447,1.886367,0.121670,0.001761
0.448448,1.886367,0.121670,0.001761
0.449449,1.886367,0.121670,0.001761
0.450450,1.886367,0.121670,0.001761
0.451451,1.886367,0.121670,0.001761
0.452452,1.886367,0.121670,0.001761
0.453453,1.886367,0.121670,0.001761
0.454454,1.886367,0.121670,0.001761
0.455455,1.886367,0.121670,0.001761
0.456456,1.886367,0.121670,0.001761
0.457457,1.886367,0.121670,0.001761
0.458458,1.886367,0.121670,0.001761
0.459459,1.886367,0.121670,0.001761
0.460460,1.886367,0.121670,0.001761
0.461461,1.886367,0.121670,0.001761
0.462462,1.886367,0.121670,0.001761
0.463463,1.886367,0.121670,0.001761
0.464464,1.886367,0.121670,0.001761
0.465465,1.886367,0.121670,0.001761
0.466466,1.886367,0.121670,0.001761
0.467467,1.886367,0.121670,0.001761
0.468468,1.886367,0.121670,0.001761
0.469469,1.886367,0.121670,0.001761
0.470470,1.886367,0.121670,0.001761
0.471471,1.886367,0.121670,0.001761
0.472472,1.886367,0.121670,0.001761
0.473473,1.886367,0.121670,0.001761
0.474474,1.886367,0.121670,0.001761
0.475475,1.886367,0.121670,0.001761
0.476476,1.886367,0.121670,0.001761
0.477477,1.886367,0.121670,0.001761
0.478478,1.886367,0.121670,0.001761
0.479479,1.886367,0.121670,0.001761
0.480480,1.886367,0.121670,0.001761
0.481481,1.886367,0.121670,0.001761
0.482482,1.886367,0.121670,0.001761
0.483483,1.886367,0.121670,0.001761
0.484484,1.886367,0.121670,0.001761
0.485485,1.886367,0.121670,0.001761
0.486486,1.886367,0.121670,0.001761
0.487487,1.886367,0.121670,0.001761
0.488488,1.886367,0.121670,0.001761
0.489489,1.886367,0.121670,0.001761
0.490490,1.886367,0.121670,0.001761
0.491491,1.886367,0.121670,0.001761
0.492492,1.886367,0.121670,0.001761
0.493493,1.886367,0.121670,0.001761
0.494494,1.886367,0.121670,0.001761
0.495495,1.886367,0.121670,0.001761
0.496496,1.886367,0.121670,0.001761
0.497497,1.886367,0.121670,0.001761
0.498498,1.886367,0.121670,0.001761
0.499499,1.886367,0.121670,0.001761
0.500501,1.886367,0.121670,0.001761
0.501502,1.886367,0.121670,0.001761
0.502503,1.886367,0.121670,0.001761
0.503504,1.886367,0.121670,0.001761
0.504505,1.886367,0.121670,0.001761
0.505506,1.886367,0.121670,0.001761
0.506507,1.886367,0.121670,0.001761
0.507508,1.886367,0.121670,0.001761
0.508509,1.886367,0.121670,0.001761
0.509510,1.886367,0.121670,0.001761
0.510511,1.886367,0.121670,0.001761
0.511512,1.886367,0.121670,0.001761
0.512513,1.886367,0.121670,0.001761
0.513514,1.886367,0.121670,0.001761
0.514515,1.886367,0.121670,0.001761
0.515516,1.886367,0.121670,0.001761
0.516517,1.886367,0.121670,0.001761
0.517518,1.886367,0.121670,0.001761
0.518519,1.886367,0.121670,0.001761
0.519520,1.886367,0.121670,0.001761
0.520521,1.886367,0.121670,0.001761
0.521522,1.886367,0.121670,0.001761
0.522523,1.886367,0.121670,0.001761
0.523524,1.886367,0.121670,0.001761
0.524525,1.886367,0.121670,0.001761
0.525526,1.886367,0.121670,0.001761
0.526527,1.886367,0.121670,0.001761
0.527528,1.886367,0.121670,0.001761
0.528529,1.886367,0.121670,0.001761
0.529530,1.886367,0.121670,0.001761
0.530531,1.886367,0.121670,0.001761
0.531532,1.886367,0.121670,0.001761
0.532533,1.886367,0.121670,0.001761
0.533534,1.886367,0.121670,0.001761
0.534535,1.886367,0.121670,0.001761
0.535536,1.886367,0.121670,0.001761
0.536537,1.886367,0.121670,0.001761
0.537538,1.886367,0.121670,0.001761
0.538539,1.886367,0.121670,0.001761
0.539540,1.886367,0.121670,0.001761
0.540541,1.886367,0.121670,0.001761
0.541542,1.886367,0.121670,0.001761
0.542543,1.886367,0.121670,0.001761
0.543544,1.886367,0.121670,0.001761
0.544545,1.886367,0.121670,0.001761
0.545546,1.886367,0.121670,0.001761
0.546547,1.886367,0.121670,0.001761
0.547548,1.886367,0.121670,0.001761
0.548549,1.886367,0.121670,0.001761
0.549550,1.886367,0.121670,0.001761
0.550551,1.886367,0.121670,0.001761
0.551552,1.886367,0.121670,0.001761
0.552553,1.886367,0.121670,0.001761
0.553554,1.886367,0.121670,0.001761
0.554555,1.886367,0.121670,0.001761
0.555556,1.886367,0.121670,0.001761
0.556557,1.886367,0.121670,0.001761
0.557558,1.886367,0.121670,0.001761
0.558559,1.886367,0.121670,0.001761
0.559560,1.886367,0.121670,0.001761
0.560561,1.886367,0.121670,0.001761
0.561562,1.886367,0.121670,0.001761
0.562563,1.886367,0.121670,0.001761
0.563564,1.886367,0.121670,0.001761
0.564565,1.886367,0.121670,0.001761
0.565566,1.886367,0.121670,0.001761
0.566567,1.886367,0.121670,0.001761
0.567568,1.886367,0.121670,0.001761
0.568569,1.886367,0.121670,0.001761
0.569570,1.886367,0.121670,0.001761
0.570571,1.886367,0.121670,0.001761
0.571572,1.886367,0.121670,0.001761
0.572573,1.886367,0.121670,0.001761
0.573574,1.886367,0.121670,0.001761
0.574575,1.886367,0.121670,0.001761
0.575576,1.886367,0.121670,0.001761
0.576577,1.886367,0.121670,0.001761
0.577578,1.886367,0.121670,0.001761
0.578579,1.886367,0.121670,0.001761
0.579580,1.886367,0.121670,0.001761
0.580581,1.886367,0.121670,0.001761
0.581582,1.886367,0.121670,0.001761
0.582583,1.886367,0.121670,0.001761
0.583584,1.886367,0.121670,0.001761
0.584585,1.886367,0.121670,0.001761
0.585586,1.886367,0.121670,0.001761
0.586587,1.886367,0.121670,0.001761
0.587588,1.886367,0.121670,0.001761
0.588589,1.886367,0.121670,0.001761
0.589590,1.886367,0.121670,0.001761
0.590591,1.886367,0.121670,0.001761
0.591592,1.886367,0.121670,0.001761
0.592593,1.886367,0.121670,0.001761
0.593594,1.886367,0.121670,0.001761
0.594595,1.886367,0.121670,0.001761
0.595596,1.886367,0.121670,0.001761
0.596597,1.886367,0.121670,0.001761
0.597598,1.886367,0.121670,0.001761
0.598599,1.886367,0.121670,0.001761
0.599600,1.886367,0.121670,0.001761
0.600601,1.886367,0.121670,0.001761
0.601602,1.886367,0.121670,0.001761
0.602603,1.886367,0.121670,0.001761
0.603604,1.886367,0.121670,0.001761
0.604605,1.886367,0.121670,0.001761
0.605606,1.886367,0.121670,0.001761
0.606607,1.886367,0.121670,0.001761
0.607608,1.886367,0.121670,0.001761
0.608609,1.886367,0.121670,0.001761
0.609610,1.886367,0.121670,0.001761
0.610611,1.886367,0.121670,0.001761
0.611612,1.886367,0.121670,0.001761
0.612613,1.886367,0.121670,0.001761
0.613614,1.886367,0.121670,0.001761
0.614615,1.886367,0.121670,0.001761
0.615616,1.886367,0.121670,0.001761
0.616617,1.886367,0.121670,0.001761
0.617618,1.886367,0.121670,0.001761
0.618619,1.886367,0.121670,0.001761
0.619620,1.886367,0.121670,0.001761
0.620621,1.886367,0.121670,0.001761
0.621622,1.886367,0.121670,0.001761
0.622623,1.886367,0.121670,0.001761
0.623624,1.886367,0.121670,0.001761
0.624625,1.886367,0.121670,0.001761
0.625626,1.886367,0.121670,0.001761
0.626627,1.886367,0.121670,0.001761
0.627628,1.886367,0.121670,0.001761
0.628629,1.886367,0.121670,0.001761
0.629630,1.886367,0.121670,0.001761
0.630631,1.886367,0.121670,0.001761
0.631632,1.886367,0.121670,0.001761
0.632633,1.886367,0.121670,0.001761
0.633634,1.886367,0.121670,0.001761
0.634635,1.886367,0.121670,0.001761
0.635636,1.886367,0.121670,0.001761
0.636637,1.886367,0.121670,0.001761
0.637638,1.886367,0.121670,0.001761
0.638639,1.886367,0.121670,0.001761
0.639640,1.886367,0.121670,0.001761
0.640641,1.886367,0.121670,0.001761
0.641642,1.886367,0.121670,0.001761
0.642643,1.886367,0.121670,0.001761
0.643644,1.886367,0.121670,0.001761
0.644645,1.886367,0.121670,0.001761
0.645646,1.886367,0.121670,0.001761
0.646647,1.886367,0.121670,0.001761
0.647648,1.886367,0.121670,0.001761
0.648649,1.886367,0.121670,0.001761
0.649650,1.886367,0.121670,0.001761
0.650651,1.886367,0.121670,0.001761
0.651652,1.886367,0.121670,0.001761
0.652653,1.886367,0.121670,0.001761
0.653654,1.886367,0.121670,0.001761
0.654655,1.886367,0.121670,0.001761
0.655656,1.886367,0.121670,0.001761
0.656657,1.886367,0.121670,0.001761
0.657658,1.886367,0.121670,0.001761
0.658659,1.886367,0.121670,0.001761
0.659660,1.886367,0.121670,0.001761
0.660661,1.886367,0.121670,0.001761
0.661662,1.886367,0.121670,0.001761
0.662663,1.886367,0.121670,0.001761
0.663664,1.886367,0.121670,0.001761
0.664665,1.886367,0.121670,0.001761
0.665666,1.886367,0.121670,0.001761
0.666667,1.886367,0.121670,0.001761
0.667668,1.886367,0.121670,0.001761
0.668669,1.886367,0.121670,0.001761
0.669670,1.886367,0.121670,0.001761
0.670671,1.886367,0.121670,0.001761
0.671672,1.886367,0.121670,0.001761
0.672673,1.886367,0.121670,0.001761
0.673674,1.886367,0.121670,0.001761
0.674675,1.886367,0.121670,0.001761
0.675676,1.886367,0.121670,0.001761
0.676677,1.886367,0.121670,0.001761
0.677678,1.886367,0.121670,0.001761
0.678679,1.886367,0.121670,0.001761
0.679680,1.886367,0.121670,0.001761
0.680681,1.886367,0.121670,0.001761
0.681682,1.886367,0.121670,0.001761
0.682683,1.886367,0.121670,0.001761
0.683684,1.886367,0.121670,0.001761
0.684685,1.886367,0.121670,0.001761
0.685686,1.886367,0.121670,0.001761
0.686687,1.886367,0.121670,0.001761
0.687688,1.886367,0.121670,0.001761
0.688689,1.886367,0.121670,0.001761
0.689690,1.886367,0.121670,0.001761
0.690691,1.886367,0.121670,0.001761
0.691692,1.886367,0.121670,0.001761
0.692693,1.886367,0.121670,0.001761
0.693694,1.886367,0.121670,0.001761
0.694695,1.886367,0.121670,0.001761
0.695696,1.886367,0.121670,0.001761
0.696697,1.886367,0.121670,0.001761
0.697698,1.886367,0.121670,0.001761
0.698699,1.886367,0.121670,0.001761
0.699700,1.886367,0.121670,0.001761
0.700701,1.886367,0.121670,0.001761
0.701702,1.886367,0.121670,0.001761
0.702703,1.886367,0.121670,0.001761
0.703704,1.886367,0.121670,0.001761
0.704705,1.886367,0.121670,0.001761
0.705706,1.886367,0.121670,0.001761
0.706707,1.886367,0.121670,0.001761
0.707708,1.886367,0.121670,0.001761
0.708709,1.886367,0.121670,0.001761
0.709710,1.886367,0.121670,0.001761
0.710711,1.886367,0.121670,0.001761
0.711712,1.886367,0.121670,0.001761
0.712713,1.886367,0.121670,0.001761
0.713714,1.886367,0.121670,0.001761
0.714715,1.886367,0.121670,0.001761
0.715716,1.886367,0.121670,0.001761
0.716717,1.886367,0.121670,0.001761
0.717718,1.886367,0.121670,0.001761
0.718719,1.886367,0.121670,0.001761
0.719720,1.886367,0.121670,0.001761
0.720721,1.886367,0.121670,0.001761
0.721722,1.886367,0.121670,0.001761
0.722723,1.886367,0.121670,0.001761
0.723724,1.886367,0.121670,0.001761
0.724725,1.886367,0.121670,0.001761
0.725726,1.886367,0.121670,0.001761
0.726727,1.886367,0.121670,0.001761
0.727728,1.886367,0.121670,0.001761
0.728729,1.886367,0.121670,0.001761
0.729730,1.886367,0.121670,0.001761
0.730731,1.886367,0.121670,0.001761
0.731732,1.886367,0.121670,0.001761
0.732733,1.886367,0.121670,0.001761
0.733734,1.886367,0.121670,0.001761
0.734735,1.886367,0.121670,0.001761
0.735736,1.886367,0.121670,0.001761
0.736737,1.886367,0.121670,0.001761
0.737738,1.886367,0.121670,0.001761
0.738739,1.886367,0.121670,0.001761
0.739740,1.886367,0.121670,0.001761
0.740741,1.886367,0.121670,0.001761
0.741742,1.886367,0.121670,0.001761
0.742743,1.886367,0.121670,0.001761
0.743744,1.886367,0.121670,0.001761
0.744745,1.886367,0.121670,0.001761
0.745746,1.886367,0.121670,0.001761
0.746747,1.886367,0.121670,0.001761
0.747748,1.886367,0.121670,0.001761
0.748749,1.886367,0.121670,0.001761
0.749750,1.886367,0.121670,0.001761
0.750751,1.886367,0.121670,0.001761
0.751752,1.886367,0.121670,0.001761
0.752753,1.886367,0.121670,0.001761
0.753754,1.886367,0.121670,0.001761
0.754755,1.886367,0.121670,0.001761
0.755756,1.886367,0.121670,0.001761
0.756757,1.886367,0.121670,0.001761
0.757758,1.886367,0.121670,0.001761
0.758759,1.886367,0.121670,0.001761
0.759760,1.886367,0.121670,0.001761
0.760761,1.886367,0.121670,0.001761
0.761762,1.886367,0.121670,0.001761
0.762763,1.886367,0.121670,0.001761
0.763764,1.886367,0.121670,0.001761
0.764765,1.886367,0.121670,0.001761
0.765766,1.886367,0.121670,0.001761
0.766767,1.886367,0.121670,0.001761
0.767768,1.886367,0.121670,0.001761
0.768769,1.886367,0.121670,0.001761
0.769770,1.886367,0.121670,0.001761
0.770771,1.886367,0.121670,0.001761
0.771772,1.886367,0.121670,0.001761
0.772773,1.886367,0.121670,0.001761
0.773774,1.886367,0.121670,0.001761
0.774775,1.886367,0.121670,0.001761
0.775776,1.886367,0.121670,0.001761
0.776777,1.886367,0.121670,0.001761
0.777778,1.886367,0.121670,0.001761
0.778779,1.886367,0.121670,0.001761
0.779780,1.886367,0.121670,0.001761
0.780781,1.886367,0.121670,0.001761
0.781782,1.886367,0.121670,0.001761
0.782783,1.886367,0.121670,0.001761
0.783784,1.886367,0.121670,0.001761
0.784785,1.886367,0.121670,0.001761
0.785786,1.886367,0.121670,0.001761
0.786787,1.886367,0.121670,0.001761
0.787788,1.886367,0.121670,0.001761
0.788789,1.886367,0.121670,0.001761
0.789790,1.886367,0.121670,0.001761
0.790791,1.886367,0.121670,0.001761
0.791792,1.886367,0.121670,0.001761
0.792793,1.886367,0.121670,0.001761
0.793794,1.886367,0.121670,0.001761
0.794795,1.886367,0.121670,0.001761
0.795796,1.886367,0.121670,0.001761
0.796797,1.886367,0.121670,0.001761
0.797798,1.886367,0.121670,0.001761
0.798799,1.886367,0.121670,0.001761
0.799800,1.886367,0.121670,0.001761
0.800801,1.886367,0.121670,0.001761
0.801802,1.886367,0.121670,0.001761
0.802803,1.886367,0.121670,0.001761
0.803804,1.886367,0.121670,0.001761
0.804805,1.886367,0.121670,0.001761
0.805806,1.886367,0.121670,0.001761
0.806807,1.886367,0.121670,0.001761
0.807808,1.886367,0.121670,0.001761
0.808809,1.886367,0.121670,0.001761
0.809810,1.886367,0.121670,0.001761
0.810811,1.886367,0.121670,0.001761
0.811812,1.886367,0.121670,0.001761
0.812813,1.886367,0.121670,0.001761
0.813814,1.886367,0.121670,0.001761
0.814815,1.886367,0.121670,0.001761
0.815816,1.886367,0.121670,0.001761
0.816817,1.886367,0.121670,0.001761
0.817818,1.886367,0.121670,0.001761
0.818819,1.886367,0.121670,0.001761
0.819820,1.886367,0.121670,0.001761
0.820821,1.886367,0.121670,0.001761
0.821822,1.886367,0.121670,0.001761
0.822823,1.886367,0.121670,0.001761
0.823824,1.886367,0.121670,0.001761
0.824825,1.886367,0.121670,0.001761
0.825826,1.886367,0.121670,0.001761
0.826827,1.886367,0.121670,0.001761
0.827828,1.886367,0.121670,0.001761
0.828829,1.886367,0.121670,0.001761
0.829830,1.886367,0.121670,0.001761
0.830831,1.886367,0.121670,0.001761
0.831832,1.886367,0.121670,0.001761
0.832833,1.886367,0.121670,0.001761
0.833834,1.886367,0.121670,0.001761
0.834835,1.886367,0.121670,0.001761
0.835836,1.886367,0.121670,0.001761
0.836837,1.886367,0.121670,0.001761
0.837838,1.886367,0.121670,0.001761
0.838839,1.886367,0.121670,0.001761
0.839840,1.886367,0.121670,0.001761
0.840841,1.886367,0.121670,0.001761
0.841842,1.886367,0.121670,0.001761
0.842843,1.886367,0.121670,0.001761
0.843844,1.886367,0.121670,0.001761
0.844845,1.886367,0.121670,0.001761
0.845846,1.886367,0.121670,0.001761
0.846847,1.886367,0.121670,0.001761
0.847848,1.886367,0.121670,0.001761
0.848849,1.886367,0.121670,0.001761
0.849850,1.886367,0.121670,0.001761
0.850851,1.886367,0.121670,0.001761
0.851852,1.886367,0.121670,0.001761
0.852853,1.886367,0.121670,0.001761
0.853854,1.886367,0.121670,0.001761
0.854855,1.886367,0.121670,0.001761
0.855856,1.886367,0.121670,0.001761
0.856857,1.886367,0.121670,0.001761
0.857858,1.886367,0.121670,0.001761
0.858859,1.886367,0.121670,0.001761
0.859860,1.886367,0.121670,0.001761
0.860861,1.886367,0.121670,0.001761
0.861862,1.886367,0.121670,0.001761
0.862863,1.886367,0.121670,0.001761
0.863864,1.886367,0.121670,0.001761
0.864865,1.886367,0.121670,0.001761
0.865866,1.886367,0.121670,0.001761
0.866867,1.886367,0.121670,0.001761
0.867868,1.886367,0.121670,0.001761
0.868869,1.886367,0.121670,0.001761
0.869870,1.886367,0.121670,0.001761
0.870871,1.886367,0.121670,0.001761
0.871872,1.886367,0.121670,0.001761
0.872873,1.886367,0.121670,0.001761
0.873874,1.886367,0.121670,0.001761
0.874875,1.886367,0.121670,0.001761
0.875876,1.886367,0.121670,0.001761
0.876877,1.886367,0.121670,0.001761
0.877878,1.886367,0.121670,0.001761
0.878879,1.886367,0.121670,0.001761
0.879880,1.886367,0.121670,0.001761
0.880881,1.886367,0.121670,0.001761
0.881882,1.886367,0.121670,0.001761
0.882883,1.886367,0.121670,0.001761
0.883884,1.886367,0.121670,0.001761
0.884885,1.886367,0.121670,0.001761
0.885886,1.886367,0.121670,0.001761
0.886887,1.886367,0.121670,0.001761
0.887888,1.886367,0.121670,0.001761
0.888889,1.886367,0.121670,0.001761
0.889890,1.886367,0.121670,0.001761
0.890891,1.886367,0.121670,0.001761
0.891892,1.886367,0.121670,0.001761
0.892893,1.886367,0.121670,0.001761
0.893894,1.886367,0.121670,0.001761
0.894895,1.886367,0.121670,0.001761
0.895896,1.886367,0.121670,0.001761
0.896897,1.886367,0.121670,0.001761
0.897898,1.886367,0.121670,0.001761
0.898899,1.886367,0.121670,0.001761
0.899900,1.886367,0.121670,0.001761
0.900901,1.886367,0.121670,0.001761
0.901902,1.886367,0.121670,0.001761
0.902903,1.886367,0.121670,0.001761
0.903904,1.886367,0.121670,0.001761
0.904905,1.886367,0.121670,0.001761
0.905906,1.886367,0.121670,0.001761
0.906907,1.886367,0.121670,0.001761
0.907908,1.886367,0.121670,0.001761
0.908909,1.886367,0.121670,0.001761
0.909910,1.886367,0.121670,0.001761
0.910911,1.886367,0.121670,0.001761
0.911912,1.886367,0.121670,0.001761
0.912913,1.886367,0.121670,0.001761
0.913914,1.886367,0.121670,0.001761
0.914915,1.886367,0.121670,0.001761
0.915916,1.886367,0.121670,0.001761
0.916917,1.886367,0.121670,0.001761
0.917918,1.886367,0.121670,0.001761
0.918919,1.886367,0.121670,0.001761
0.919920,1.886367,0.121670,0.001761
0.920921,1.886367,0.121670,0.001761
0.921922,1.886367,0.121670,0.001761
0.922923,1.886367,0.121670,0.001761
0.923924,1.886367,0.121670,0.001761
0.924925,1.886367,0.121670,0.001761
0.925926,1.886367,0.121670,0.001761
0.926927,1.886367,0.121670,0.001761
0.927928,1.886367,0.121670,0.001761
0.928929,1.886367,0.121670,0.001761
0.929930,1.886367,0.121670,0.001761
0.930931,1.886367,0.121670,0.001761
0.931932,1.886367,0.121670,0.001761
0.932933,1.886367,0.121670,0.001761
0.933934,1.886367,0.121670,0.001761
0.934935,1.886367,0.121670,0.001761
0.935936,1.886367,0.121670,0.001761
0.936937,1.886367,0.121670,0.001761
0.937938,1.886367,0.121670,0.001761
0.938939,1.886367,0.121670,0.001761
0.939940,1.886367,0.121670,0.001761
0.940941,1.886367,0.121670,0.001761
0.941942,1.886367,0.121670,0.001761
0.942943,1.886367,0.121670,0.001761
0.943944,1.886367,0.121670,0.001761
0.944945,1.886367,0.121670,0.001761
0.945946,1.886367,0.121670,0.001761
0.946947,1.886367,0.121670,0.001761
0.947948,1.886367,0.121670,0.001761
0.948949,1.886367,0.121670,0.001761
0.949950,1.886367,0.121670,0.001761
0.950951,1.886367,0.121670,0.001761
0.951952,1.886367,0.121670,0.001761
0.952953,1.886367,0.121670,0.001761
0.953954,1.886367,0.121670,0.001761
0.954955,1.886367,0.121670,0.001761
0.955956,1.886367,0.121670,0.001761
0.956957,1.886367,0.121670,0.001761
0.957958,1.886367,0.121670,0.001761
0.958959,1.886367,0.121670,0.001761
0.959960,1.886367,0.121670,0.001761
0.960961,1.886367,0.121670,0.001761
0.961962,1.886367,0.121670,0.001761
0.962963,1.886367,0.121670,0.001761
0.963964,1.886367,0.121670,0.001761
0.964965,1.886367,0.121670,0.001761
0.965966,1.886367,0.121670,0.001761
0.966967,1.886367,0.121670,0.001761
0.967968,1.886367,0.121670,0.001761
0.968969,1.886367,0.121670,0.001761
0.969970,1.886367,0.121670,0.001761
0.970971,1.886367,0.121670,0.001761
0.971972,1.886367,0.121670,0.001761
0.972973,1.886367,0.121670,0.001761
0.973974,1.886367,0.121670,0.001761
0.974975,1.886367,0.121670,0.001761
0.975976,1.886367,0.121670,0.001761
0.976977,1.886367,0.121670,0.001761
0.977978,1.886367,0.121670,0.001761
0.978979,1.886367,0.121670,0.001761
0.979980,1.886367,0.121670,0.001761
0.980981,1.886367,0.121670,0.001761
0.981982,1.886367,0.121670,0.001761
0.982983,1.886367,0.121670,0.001761
0.983984,1.886367,0.121670,0.001761
0.984985,1.886367,0.121670,0.001761
0.985986,1.886367,0.121670,0.001761
0.986987,1.886367,0.121670,0.001761
0.987988,1.886367,0.121670,0.001761
0.988989,1.886367,0.121670,0.001761
0.989990,1.886367,0.121670,0.001761
0.990991,1.886367,0.121670,0.001761
0.991992,1.886367,0.121670,0.001761
0.992993,1.886367,0.121670,0.001761
0.993994,1.886367,0.121670,0.001761
0.994995,1.886367,0.121670,0.001761
0.995996,1.886367,0.121670,0.001761
0.996997,1.886367,0.121670,0.001761
0.997998,1.886367,0.121670,0.001761
0.998999,1.886367,0.121670,0.001761
1.000000,1.886367,0.121670,0.001761
