# Time (hours),k1,k2,k3,final_time
0,1.88637,0.12167,0.00176078,800000
800.801,1.88637,0.12167,0.00176078,800000
1601.6,1.88637,0.12167,0.00176078,800000
2402.4,1.88637,0.12167,0.00176078,800000
3203.2,1.88637,0.12167,0.00176078,800000
4004,1.88637,0.12167,0.00176078,800000
4804.8,1.88637,0.12167,0.00176078,800000
5605.61,1.88637,0.12167,0.00176078,800000
6406.41,1.88637,0.12167,0.00176078,800000
7207.21,1.88637,0.12167,0.00176078,800000
8008.01,1.88637,0.12167,0.00176078,800000
8808.81,1.88637,0.12167,0.00176078,800000
9609.61,1.88637,0.12167,0.00176078,800000
10410.4,1.88637,0.12167,0.00176078,800000
11211.2,1.88637,0.12167,0.00176078,800000
12012,1.88637,0.12167,0.00176078,800000
12812.8,1.88637,0.12167,0.00176078,800000
13613.6,1.88637,0.12167,0.00176078,800000
14414.4,1.88637,0.12167,0.00176078,800000
15215.2,1.88637,0.12167,0.00176078,800000
16016,1.88637,0.12167,0.00176078,800000
16816.8,1.88637,0.12167,0.00176078,800000
17617.6,1.88637,0.12167,0.00176078,800000
18418.4,1.88637,0.12167,0.00176078,800000
19219.2,1.88637,0.12167,0.00176078,800000
20020,1.88637,0.12167,0.00176078,800000
20820.8,1.88637,0.12167,0.00176078,800000
21621.6,1.88637,0.12167,0.00176078,800000
22422.4,1.88637,0.12167,0.00176078,800000
23223.2,1.88637,0.12167,0.00176078,800000
24024,1.88637,0.12167,0.00176078,800000
24824.8,1.88637,0.12167,0.00176078,800000
25625.6,1.88637,0.12167,0.00176078,800000
26426.4,1.88637,0.12167,0.00176078,800000
27227.2,1.88637,0.12167,0.00176078,800000
28028,1.88637,0.12167,0.00176078,800000
28828.8,1.88637,0.12167,0.00176078,800000
29629.6,1.88637,0.12167,0.00176078,800000
30430.4,1.88637,0.12167,0.00176078,800000
31231.2,1.88637,0.12167,0.00176078,800000
32032,1.88637,0.12167,0.00176078,800000
32832.8,1.88637,0.12167,0.00176078,800000
33633.6,1.88637,0.12167,0.00176078,800000
34434.4,1.88637,0.12167,0.00176078,800000
35235.2,1.88637,0.12167,0.00176078,800000
36036,1.88637,0.12167,0.00176078,800000
36836.8,1.88637,0.12167,0.00176078,800000
37637.6,1.88637,0.12167,0.00176078,800000
38438.4,1.88637,0.12167,0.00176078,800000
39239.2,1.88637,0.12167,0.00176078,800000
40040,1.88637,0.12167,0.00176078,800000
40840.8,1.88637,0.12167,0.00176078,800000
41641.6,1.88637,0.12167,0.00176078,800000
42442.4,1.88637,0.12167,0.00176078,800000
43243.2,1.88637,0.12167,0.00176078,800000
44044,1.88637,0.12167,0.00176078,800000
44844.8,1.88637,0.12167,0.00176078,800000
45645.6,1.88637,0.12167,0.00176078,800000
46446.4,1.88637,0.12167,0.00176078,800000
47247.2,1.88637,0.12167,0.00176078,800000
48048,1.88637,0.12167,0.00176078,800000
48848.8,1.88637,0.12167,0.00176078,800000
49649.6,1.88637,0.12167,0.00176078,800000
50450.5,1.88637,0.12167,0.00176078,800000
51251.3,1.88637,0.12167,0.00176078,800000
52052.1,1.88637,0.12167,0.00176078,800000
52852.9,1.88637,0.12167,0.00176078,800000
53653.7,1.88637,0.12167,0.00176078,800000
54454.5,1.88637,0.12167,0.00176078,800000
55255.3,1.88637,0.12167,0.00176078,800000
56056.1,1.88637,0.12167,0.00176078,800000
56856.9,1.88637,0.12167,0.00176078,800000
57657.7,1.88637,0.12167,0.00176078,800000
58458.5,1.88637,0.12167,0.00176078,800000
59259.3,1.88637,0.12167,0.00176078,800000
60060.1,1.88637,0.12167,0.00176078,800000
60860.9,1.88637,0.12167,0.00176078,800000
61661.7,1.88637,0.12167,0.00176078,800000
62462.5,1.88637,0.12167,0.00176078,800000
63263.3,1.88637,0.12167,0.00176078,800000
64064.1,1.88637,0.12167,0.00176078,800000
64864.9,1.88637,0.12167,0.00176078,800000
65665.7,1.88637,0.12167,0.00176078,800000
66466.5,1.88637,0.12167,0.00176078,800000
67267.3,1.88637,0.12167,0.00176078,800000
68068.1,1.88637,0.12167,0.00176078,800000
68868.9,1.88637,0.12167,0.00176078,800000
69669.7,1.88637,0.12167,0.00176078,800000
70470.5,1.88637,0.12167,0.00176078,800000
71271.3,1.88637,0.12167,0.00176078,800000
72072.1,1.88637,0.12167,0.00176078,800000
72872.9,1.88637,0.12167,0.00176078,800000
73673.7,1.88637,0.12167,0.00176078,800000
74474.5,1.88637,0.12167,0.00176078,800000
75275.3,1.88637,0.12167,0.00176078,800000
76076.1,1.88637,0.12167,0.00176078,800000
76876.9,1.88637,0.12167,0.00176078,800000
77677.7,1.88637,0.12167,0.00176078,800000
78478.5,1.88637,0.12167,0.00176078,800000
79279.3,1.88637,0.12167,0.00176078,800000
80080.1,1.88637,0.12167,0.00176078,800000
80880.9,1.88637,0.12167,0.00176078,800000
81681.7,1.88637,0.12167,0.00176078,800000
82482.5,1.88637,0.12167,0.00176078,800000
83283.3,1.88637,0.12167,0.00176078,800000
84084.1,1.88637,0.12167,0.00176078,800000
84884.9,1.88637,0.12167,0.00176078,800000
85685.7,1.88637,0.12167,0.00176078,800000
86486.5,1.88637,0.12167,0.00176078,800000
87287.3,1.88637,0.12167,0.00176078,800000
88088.1,1.88637,0.12167,0.00176078,800000
88888.9,1.88637,0.12167,0.00176078,800000
89689.7,1.88637,0.12167,0.00176078,800000
90490.5,1.88637,0.12167,0.00176078,800000
91291.3,1.88637,0.12167,0.00176078,800000
92092.1,1.88637,0.12167,0.00176078,800000
92892.9,1.88637,0.12167,0.00176078,800000
93693.7,1.88637,0.12167,0.00176078,800000
94494.5,1.88637,0.12167,0.00176078,800000
95295.3,1.88637,0.12167,0.00176078,800000
96096.1,1.88637,0.12167,0.00176078,800000
96896.9,1.88637,0.12167,0.00176078,800000
97697.7,1.88637,0.12167,0.00176078,800000
98498.5,1.88637,0.12167,0.00176078,800000
99299.3,1.88637,0.12167,0.00176078,800000
100100,1.88637,0.12167,0.00176078,800000
100901,1.88637,0.12167,0.00176078,800000
101702,1.88637,0.12167,0.00176078,800000
102503,1.88637,0.12167,0.00176078,800000
103303,1.88637,0.12167,0.00176078,800000
104104,1.88637,0.12167,0.00176078,800000
104905,1.88637,0.12167,0.00176078,800000
105706,1.88637,0.12167,0.00176078,800000
106507,1.88637,0.12167,0.00176078,800000
107307,1.88637,0.12167,0.00176078,800000
108108,1.88637,0.12167,0.00176078,800000
108909,1.88637,0.12167,0.00176078,800000
109710,1.88637,0.12167,0.00176078,800000
110511,1.88637,0.12167,0.00176078,800000
111311,1.88637,0.12167,0.00176078,800000
112112,1.88637,0.12167,0.00176078,800000
112913,1.88637,0.12167,0.00176078,800000
113714,1.88637,0.12167,0.00176078,800000
114515,1.88637,0.12167,0.00176078,800000
115315,1.88637,0.12167,0.00176078,800000
116116,1.88637,0.12167,0.00176078,800000
116917,1.88637,0.12167,0.00176078,800000
117718,1.88637,0.12167,0.00176078,800000
118519,1.88637,0.12167,0.00176078,800000
119319,1.88637,0.12167,0.00176078,800000
120120,1.88637,0.12167,0.00176078,800000
120921,1.88637,0.12167,0.00176078,800000
121722,1.88637,0.12167,0.00176078,800000
122523,1.88637,0.12167,0.00176078,800000
123323,1.88637,0.12167,0.00176078,800000
124124,1.88637,0.12167,0.00176078,800000
124925,1.88637,0.12167,0.00176078,800000
125726,1.88637,0.12167,0.00176078,800000
126527,1.88637,0.12167,0.00176078,800000
127327,1.88637,0.12167,0.00176078,800000
128128,1.88637,0.12167,0.00176078,800000
128929,1.88637,0.12167,0.00176078,800000
129730,1.88637,0.12167,0.00176078,800000
130531,1.88637,0.12167,0.00176078,800000
131331,1.88637,0.12167,0.00176078,800000
132132,1.88637,0.12167,0.00176078,800000
132933,1.88637,0.12167,0.00176078,800000
133734,1.88637,0.12167,0.00176078,800000
134535,1.88637,0.12167,0.00176078,800000
135335,1.88637,0.12167,0.00176078,800000
136136,1.88637,0.12167,0.00176078,800000
136937,1.88637,0.12167,0.00176078,800000
137738,1.88637,0.12167,0.00176078,800000
138539,1.88637,0.12167,0.00176078,800000
139339,1.88637,0.12167,0.00176078,800000
140140,1.88637,0.12167,0.00176078,800000
140941,1.88637,0.12167,0.00176078,800000
141742,1.88637,0.12167,0.00176078,800000
142543,1.88637,0.12167,0.00176078,800000
143343,1.88637,0.12167,0.00176078,800000
144144,1.88637,0.12167,0.00176078,800000
144945,1.88637,0.12167,0.00176078,800000
145746,1.88637,0.12167,0.00176078,800000
146547,1.88637,0.12167,0.00176078,800000
147347,1.88637,0.12167,0.00176078,800000
148148,1.88637,0.12167,0.00176078,800000
148949,1.88637,0.12167,0.00176078,800000
149750,1.88637,0.12167,0.00176078,800000
150551,1.88637,0.12167,0.00176078,800000
151351,1.88637,0.12167,0.00176078,800000
152152,1.88637,0.12167,0.00176078,800000
152953,1.88637,0.12167,0.00176078,800000
153754,1.88637,0.12167,0.00176078,800000
154555,1.88637,0.12167,0.00176078,800000
155355,1.88637,0.12167,0.00176078,800000
156156,1.88637,0.12167,0.00176078,800000
156957,1.88637,0.12167,0.00176078,800000
157758,1.88637,0.12167,0.00176078,800000
158559,1.88637,0.12167,0.00176078,800000
159359,1.88637,0.12167,0.00176078,800000
160160,1.88637,0.12167,0.00176078,800000
160961,1.88637,0.12167,0.00176078,800000
161762,1.88637,0.12167,0.00176078,800000
162563,1.88637,0.12167,0.00176078,800000
163363,1.88637,0.12167,0.00176078,800000
164164,1.88637,0.12167,0.00176078,800000
164965,1.88637,0.12167,0.00176078,800000
165766,1.88637,0.12167,0.00176078,800000
166567,1.88637,0.12167,0.00176078,800000
167367,1.88637,0.12167,0.00176078,800000
168168,1.88637,0.12167,0.00176078,800000
168969,1.88637,0.12167,0.00176078,800000
169770,1.88637,0.12167,0.00176078,800000
170571,1.88637,0.12167,0.00176078,800000
171371,1.88637,0.12167,0.00176078,800000
172172,1.88637,0.12167,0.00176078,800000
172973,1.88637,0.12167,0.00176078,800000
173774,1.88637,0.12167,0.00176078,800000
174575,1.88637,0.12167,0.00176078,800000
175375,1.88637,0.12167,0.00176078,800000
176176,1.88637,0.12167,0.00176078,800000
176977,1.88637,0.12167,0.00176078,800000
177778,1.88637,0.12167,0.00176078,800000
178579,1.88637,0.12167,0.00176078,800000
179379,1.88637,0.12167,0.00176078,800000
180180,1.88637,0.12167,0.00176078,800000
180981,1.88637,0.12167,0.00176078,800000
181782,1.88637,0.12167,0.00176078,800000
182583,1.88637,0.12167,0.00176078,800000
183383,1.88637,0.12167,0.00176078,800000
184184,1.88637,0.12167,0.00176078,800000
184985,1.88637,0.12167,0.00176078,800000
185786,1.88637,0.12167,0.00176078,800000
186587,1.88637,0.12167,0.00176078,800000
187387,1.88637,0.12167,0.00176078,800000
188188,1.88637,0.12167,0.00176078,800000
188989,1.88637,0.12167,0.00176078,800000
189790,1.88637,0.12167,0.00176078,800000
190591,1.88637,0.12167,0.00176078,800000
191391,1.88637,0.12167,0.00176078,800000
192192,1.88637,0.12167,0.00176078,800000
192993,1.88637,0.12167,0.00176078,800000
193794,1.88637,0.12167,0.00176078,800000
194595,1.88637,0.12167,0.00176078,800000
195395,1.88637,0.12167,0.00176078,800000
196196,1.88637,0.12167,0.00176078,800000
196997,1.88637,0.12167,0.00176078,800000
197798,1.88637,0.12167,0.00176078,800000
198599,1.88637,0.12167,0.00176078,800000
199399,1.88637,0.12167,0.00176078,800000
200200,1.88637,0.12167,0.00176078,800000
201001,1.88637,0.12167,0.00176078,800000
201802,1.88637,0.12167,0.00176078,800000
202603,1.88637,0.12167,0.00176078,800000
203403,1.88637,0.12167,0.00176078,800000
204204,1.88637,0.12167,0.00176078,800000
205005,1.88637,0.12167,0.00176078,800000
205806,1.88637,0.12167,0.00176078,800000
206607,1.88637,0.12167,0.00176078,800000
207407,1.88637,0.12167,0.00176078,800000
208208,1.88637,0.12167,0.00176078,800000
209009,1.88637,0.12167,0.00176078,800000
209810,1.88637,0.12167,0.00176078,800000
210611,1.88637,0.12167,0.00176078,800000
211411,1.88637,0.12167,0.00176078,800000
212212,1.88637,0.12167,0.00176078,800000
213013,1.88637,0.12167,0.00176078,800000
213814,1.88637,0.12167,0.00176078,800000
214615,1.88637,0.12167,0.00176078,800000
215415,1.88637,0.12167,0.00176078,800000
216216,1.88637,0.12167,0.00176078,800000
217017,1.88637,0.12167,0.00176078,800000
217818,1.88637,0.12167,0.00176078,800000
218619,1.88637,0.12167,0.00176078,800000
219419,1.88637,0.12167,0.00176078,800000
220220,1.88637,0.12167,0.00176078,800000
221021,1.88637,0.12167,0.00176078,800000
221822,1.88637,0.12167,0.00176078,800000
222623,1.88637,0.12167,0.00176078,800000
223423,1.88637,0.12167,0.00176078,800000
224224,1.88637,0.12167,0.00176078,800000
225025,1.88637,0.12167,0.00176078,800000
225826,1.88637,0.12167,0.00176078,800000
226627,1.88637,0.12167,0.00176078,800000
227427,1.88637,0.12167,0.00176078,800000
228228,1.88637,0.12167,0.00176078,800000
229029,1.88637,0.12167,0.00176078,800000
229830,1.88637,0.12167,0.00176078,800000
230631,1.88637,0.12167,0.00176078,800000
231431,1.88637,0.12167,0.00176078,800000
232232,1.88637,0.12167,0.00176078,800000
233033,1.88637,0.12167,0.00176078,800000
233834,1.88637,0.12167,0.00176078,800000
234635,1.88637,0.12167,0.00176078,800000
235435,1.88637,0.12167,0.00176078,800000
236236,1.88637,0.12167,0.00176078,800000
237037,1.88637,0.12167,0.00176078,800000
237838,1.88637,0.12167,0.00176078,800000
238639,1.88637,0.12167,0.00176078,800000
239439,1.88637,0.12167,0.00176078,800000
240240,1.88637,0.12167,0.00176078,800000
241041,1.88637,0.12167,0.00176078,800000
241842,1.88637,0.12167,0.00176078,800000
242643,1.88637,0.12167,0.00176078,800000
243443,1.88637,0.12167,0.00176078,800000
244244,1.88637,0.12167,0.00176078,800000
245045,1.88637,0.12167,0.00176078,800000
245846,1.88637,0.12167,0.00176078,800000
246647,1.88637,0.12167,0.00176078,800000
247447,1.88637,0.12167,0.00176078,800000
248248,1.88637,0.12167,0.00176078,800000
249049,1.88637,0.12167,0.00176078,800000
249850,1.88637,0.12167,0.00176078,800000
250651,1.88637,0.12167,0.00176078,800000
251451,1.88637,0.12167,0.00176078,800000
252252,1.88637,0.12167,0.00176078,800000
253053,1.88637,0.12167,0.00176078,800000
253854,1.88637,0.12167,0.00176078,800000
254655,1.88637,0.12167,0.00176078,800000
255455,1.88637,0.12167,0.00176078,800000
256256,1.88637,0.12167,0.00176078,800000
257057,1.88637,0.12167,0.00176078,800000
257858,1.88637,0.12167,0.00176078,800000
258659,1.88637,0.12167,0.00176078,800000
259459,1.88637,0.12167,0.00176078,800000
260260,1.88637,0.12167,0.00176078,800000
261061,1.88637,0.12167,0.00176078,800000
261862,1.88637,0.12167,0.00176078,800000
262663,1.88637,0.12167,0.00176078,800000
263463,1.88637,0.12167,0.00176078,800000
264264,1.88637,0.12167,0.00176078,800000
265065,1.88637,0.12167,0.00176078,800000
265866,1.88637,0.12167,0.00176078,800000
266667,1.88637,0.12167,0.00176078,800000
267467,1.88637,0.12167,0.00176078,800000
268268,1.88637,0.12167,0.00176078,800000
269069,1.88637,0.12167,0.00176078,800000
269870,1.88637,0.12167,0.00176078,800000
270671,1.88637,0.12167,0.00176078,800000
271471,1.88637,0.12167,0.00176078,800000
272272,1.88637,0.12167,0.00176078,800000
273073,1.88637,0.12167,0.00176078,800000
273874,1.88637,0.12167,0.00176078,800000
274675,1.88637,0.12167,0.00176078,800000
275475,1.88637,0.12167,0.00176078,800000
276276,1.88637,0.12167,0.00176078,800000
277077,1.88637,0.12167,0.00176078,800000
277878,1.88637,0.12167,0.00176078,800000
278679,1.88637,0.12167,0.00176078,800000
279479,1.88637,0.12167,0.00176078,800000
280280,1.88637,0.12167,0.00176078,800000
281081,1.88637,0.12167,0.00176078,800000
281882,1.88637,0.12167,0.00176078,800000
282683,1.88637,0.12167,0.00176078,800000
283483,1.88637,0.12167,0.00176078,800000
284284,1.88637,0.12167,0.00176078,800000
285085,1.88637,0.12167,0.00176078,800000
285886,1.88637,0.12167,0.00176078,800000
286687,1.88637,0.12167,0.00176078,800000
287487,1.88637,0.12167,0.00176078,800000
288288,1.88637,0.12167,0.00176078,800000
289089,1.88637,0.12167,0.00176078,800000
289890,1.88637,0.12167,0.00176078,800000
290691,1.88637,0.12167,0.00176078,800000
291491,1.88637,0.12167,0.00176078,800000
292292,1.88637,0.12167,0.00176078,800000
293093,1.88637,0.12167,0.00176078,800000
293894,1.88637,0.12167,0.00176078,800000
294695,1.88637,0.12167,0.00176078,800000
295495,1.88637,0.12167,0.00176078,800000
296296,1.88637,0.12167,0.00176078,800000
297097,1.88637,0.12167,0.00176078,800000
297898,1.88637,0.12167,0.00176078,800000
298699,1.88637,0.12167,0.00176078,800000
299499,1.88637,0.12167,0.00176078,800000
300300,1.88637,0.12167,0.00176078,800000
301101,1.88637,0.12167,0.00176078,800000
301902,1.88637,0.12167,0.00176078,800000
302703,1.88637,0.12167,0.00176078,800000
303504,1.88637,0.12167,0.00176078,800000
304304,1.88637,0.12167,0.00176078,800000
305105,1.88637,0.12167,0.00176078,800000
305906,1.88637,0.12167,0.00176078,800000
306707,1.88637,0.12167,0.00176078,800000
307508,1.88637,0.12167,0.00176078,800000
308308,1.88637,0.12167,0.00176078,800000
309109,1.88637,0.12167,0.00176078,800000
309910,1.88637,0.12167,0.00176078,800000
310711,1.88637,0.12167,0.00176078,800000
311512,1.88637,0.12167,0.00176078,800000
312312,1.88637,0.12167,0.00176078,800000
313113,1.88637,0.12167,0.00176078,800000
313914,1.88637,0.12167,0.00176078,800000
314715,1.88637,0.12167,0.00176078,800000
315516,1.88637,0.12167,0.00176078,800000
316316,1.88637,0.12167,0.00176078,800000
317117,1.88637,0.12167,0.00176078,800000
317918,1.88637,0.12167,0.00176078,800000
318719,1.88637,0.12167,0.00176078,800000
319520,1.88637,0.12167,0.00176078,800000
320320,1.88637,0.12167,0.00176078,800000
321121,1.88637,0.12167,0.00176078,800000
321922,1.88637,0.12167,0.00176078,800000
322723,1.88637,0.12167,0.00176078,800000
323524,1.88637,0.12167,0.00176078,800000
324324,1.88637,0.12167,0.00176078,800000
325125,1.88637,0.12167,0.00176078,800000
325926,1.88637,0.12167,0.00176078,800000
326727,1.88637,0.12167,0.00176078,800000
327528,1.88637,0.12167,0.00176078,800000
328328,1.88637,0.12167,0.00176078,800000
329129,1.88637,0.12167,0.00176078,800000
329930,1.88637,0.12167,0.00176078,800000
330731,1.88637,0.12167,0.00176078,800000
331532,1.88637,0.12167,0.00176078,800000
332332,1.88637,0.12167,0.00176078,800000
333133,1.88637,0.12167,0.00176078,800000
333934,1.88637,0.12167,0.00176078,800000
334735,1.88637,0.12167,0.00176078,800000
335536,1.88637,0.12167,0.00176078,800000
336336,1.88637,0.12167,0.00176078,800000
337137,1.88637,0.12167,0.00176078,800000
337938,1.88637,0.12167,0.00176078,800000
338739,1.88637,0.12167,0.00176078,800000
339540,1.88637,0.12167,0.00176078,800000
340340,1.88637,0.12167,0.00176078,800000
341141,1.88637,0.12167,0.00176078,800000
341942,1.88637,0.12167,0.00176078,800000
342743,1.88637,0.12167,0.00176078,800000
343544,1.88637,0.12167,0.00176078,800000
344344,1.88637,0.12167,0.00176078,800000
345145,1.88637,0.12167,0.00176078,800000
345946,1.88637,0.12167,0.00176078,800000
346747,1.88637,0.12167,0.00176078,800000
347548,1.88637,0.12167,0.00176078,800000
348348,1.88637,0.12167,0.00176078,800000
349149,1.88637,0.12167,0.00176078,800000
349950,1.88637,0.12167,0.00176078,800000
350751,1.88637,0.12167,0.00176078,800000
351552,1.88637,0.12167,0.00176078,800000
352352,1.88637,0.12167,0.00176078,800000
353153,1.88637,0.12167,0.00176078,800000
353954,1.88637,0.12167,0.00176078,800000
354755,1.88637,0.12167,0.00176078,800000
355556,1.88637,0.12167,0.00176078,800000
356356,1.88637,0.12167,0.00176078,800000
357157,1.88637,0.12167,0.00176078,800000
357958,1.88637,0.12167,0.00176078,800000
358759,1.88637,0.12167,0.00176078,800000
359560,1.88637,0.12167,0.00176078,800000
360360,1.88637,0.12167,0.00176078,800000
361161,1.88637,0.12167,0.00176078,800000
361962,1.88637,0.12167,0.00176078,800000
362763,1.88637,0.12167,0.00176078,800000
363564,1.88637,0.12167,0.00176078,800000
364364,1.88637,0.12167,0.00176078,800000
365165,1.88637,0.12167,0.00176078,800000
365966,1.88637,0.12167,0.00176078,800000
366767,1.88637,0.12167,0.00176078,800000
367568,1.88637,0.12167,0.00176078,800000
368368,1.88637,0.12167,0.00176078,800000
369169,1.88637,0.12167,0.00176078,800000
369970,1.88637,0.12167,0.00176078,800000
370771,1.88637,0.12167,0.00176078,800000
371572,1.88637,0.12167,0.00176078,800000
372372,1.88637,0.12167,0.00176078,800000
373173,1.88637,0.12167,0.00176078,800000
373974,1.88637,0.12167,0.00176078,800000
374775,1.88637,0.12167,0.00176078,800000
375576,1.88637,0.12167,0.00176078,800000
376376,1.88637,0.12167,0.00176078,800000
377177,1.88637,0.12167,0.00176078,800000
377978,1.88637,0.12167,0.00176078,800000
378779,1.88637,0.12167,0.00176078,800000
379580,1.88637,0.12167,0.00176078,800000
380380,1.88637,0.12167,0.00176078,800000
381181,1.88637,0.12167,0.00176078,800000
381982,1.88637,0.12167,0.00176078,800000
382783,1.88637,0.12167,0.00176078,800000
383584,1.88637,0.12167,0.00176078,800000
384384,1.88637,0.12167,0.00176078,800000
385185,1.88637,0.12167,0.00176078,800000
385986,1.88637,0.12167,0.00176078,800000
386787,1.88637,0.12167,0.00176078,800000
387588,1.88637,0.12167,0.00176078,800000
388388,1.88637,0.12167,0.00176078,800000
389189,1.88637,0.12167,0.00176078,800000
389990,1.88637,0.12167,0.00176078,800000
390791,1.88637,0.12167,0.00176078,800000
391592,1.88637,0.12167,0.00176078,800000
392392,1.88637,0.12167,0.00176078,800000
393193,1.88637,0.12167,0.00176078,800000
393994,1.88637,0.12167,0.00176078,800000
394795,1.88637,0.12167,0.00176078,800000
395596,1.88637,0.12167,0.00176078,800000
396396,1.88637,0.12167,0.00176078,800000
397197,1.88637,0.12167,0.00176078,800000
397998,1.88637,0.12167,0.00176078,800000
398799,1.88637,0.12167,0.00176078,800000
399600,1.88637,0.12167,0.00176078,800000
400400,1.88637,0.12167,0.00176078,800000
401201,1.88637,0.12167,0.00176078,800000
402002,1.88637,0.12167,0.00176078,800000
402803,1.88637,0.12167,0.00176078,800000
403604,1.88637,0.12167,0.00176078,800000
404404,1.88637,0.12167,0.00176078,800000
405205,1.88637,0.12167,0.00176078,800000
406006,1.88637,0.12167,0.00176078,800000
406807,1.88637,0.12167,0.00176078,800000
407608,1.88637,0.12167,0.00176078,800000
408408,1.88637,0.12167,0.00176078,800000
409209,1.88637,0.12167,0.00176078,800000
410010,1.88637,0.12167,0.00176078,800000
410811,1.88637,0.12167,0.00176078,800000
411612,1.88637,0.12167,0.00176078,800000
412412,1.88637,0.12167,0.00176078,800000
413213,1.88637,0.12167,0.00176078,800000
414014,1.88637,0.12167,0.00176078,800000
414815,1.88637,0.12167,0.00176078,800000
415616,1.88637,0.12167,0.00176078,800000
416416,1.88637,0.12167,0.00176078,800000
417217,1.88637,0.12167,0.00176078,800000
418018,1.88637,0.12167,0.00176078,800000
418819,1.88637,0.12167,0.00176078,800000
419620,1.88637,0.12167,0.00176078,800000
420420,1.88637,0.12167,0.00176078,800000
421221,1.88637,0.12167,0.00176078,800000
422022,1.88637,0.12167,0.00176078,800000
422823,1.88637,0.12167,0.00176078,800000
423624,1.88637,0.12167,0.00176078,800000
424424,1.88637,0.12167,0.00176078,800000
425225,1.88637,0.12167,0.00176078,800000
426026,1.88637,0.12167,0.00176078,800000
426827,1.88637,0.12167,0.00176078,800000
427628,1.88637,0.12167,0.00176078,800000
428428,1.88637,0.12167,0.00176078,800000
429229,1.88637,0.12167,0.00176078,800000
430030,1.88637,0.12167,0.00176078,800000
430831,1.88637,0.12167,0.00176078,800000
431632,1.88637,0.12167,0.00176078,800000
432432,1.88637,0.12167,0.00176078,800000
433233,1.88637,0.12167,0.00176078,800000
434034,1.88637,0.12167,0.00176078,800000
434835,1.88637,0.12167,0.00176078,800000
435636,1.88637,0.12167,0.00176078,800000
436436,1.88637,0.12167,0.00176078,800000
437237,1.88637,0.12167,0.00176078,800000
438038,1.88637,0.12167,0.00176078,800000
438839,1.88637,0.12167,0.00176078,800000
439640,1.88637,0.12167,0.00176078,800000
440440,1.88637,0.12167,0.00176078,800000
441241,1.88637,0.12167,0.00176078,800000
442042,1.88637,0.12167,0.00176078,800000
442843,1.88637,0.12167,0.00176078,800000
443644,1.88637,0.12167,0.00176078,800000
444444,1.88637,0.12167,0.00176078,800000
445245,1.88637,0.12167,0.00176078,800000
446046,1.88637,0.12167,0.00176078,800000
446847,1.88637,0.12167,0.00176078,800000
447648,1.88637,0.12167,0.00176078,800000
448448,1.88637,0.12167,0.00176078,800000
449249,1.88637,0.12167,0.00176078,800000
450050,1.88637,0.12167,0.00176078,800000
450851,1.88637,0.12167,0.00176078,800000
451652,1.88637,0.12167,0.00176078,800000
452452,1.88637,0.12167,0.00176078,800000
453253,1.88637,0.12167,0.00176078,800000
454054,1.88637,0.12167,0.00176078,800000
454855,1.88637,0.12167,0.00176078,800000
455656,1.88637,0.12167,0.00176078,800000
456456,1.88637,0.12167,0.00176078,800000
457257,1.88637,0.12167,0.00176078,800000
458058,1.88637,0.12167,0.00176078,800000
458859,1.88637,0.12167,0.00176078,800000
459660,1.88637,0.12167,0.00176078,800000
460460,1.88637,0.12167,0.00176078,800000
461261,1.88637,0.12167,0.00176078,800000
462062,1.88637,0.12167,0.00176078,800000
462863,1.88637,0.12167,0.00176078,800000
463664,1.88637,0.12167,0.00176078,800000
464464,1.88637,0.12167,0.00176078,800000
465265,1.88637,0.12167,0.00176078,800000
466066,1.88637,0.12167,0.00176078,800000
466867,1.88637,0.12167,0.00176078,800000
467668,1.88637,0.12167,0.00176078,800000
468468,1.88637,0.12167,0.00176078,800000
469269,1.88637,0.12167,0.00176078,800000
470070,1.88637,0.12167,0.00176078,800000
470871,1.88637,0.12167,0.00176078,800000
471672,1.88637,0.12167,0.00176078,800000
472472,1.88637,0.12167,0.00176078,800000
473273,1.88637,0.12167,0.00176078,800000
474074,1.88637,0.12167,0.00176078,800000
474875,1.88637,0.12167,0.00176078,800000
475676,1.88637,0.12167,0.00176078,800000
476476,1.88637,0.12167,0.00176078,800000
477277,1.88637,0.12167,0.00176078,800000
478078,1.88637,0.12167,0.00176078,800000
478879,1.88637,0.12167,0.00176078,800000
479680,1.88637,0.12167,0.00176078,800000
480480,1.88637,0.12167,0.00176078,800000
481281,1.88637,0.12167,0.00176078,800000
482082,1.88637,0.12167,0.00176078,800000
482883,1.88637,0.12167,0.00176078,800000
483684,1.88637,0.12167,0.00176078,800000
484484,1.88637,0.12167,0.00176078,800000
485285,1.88637,0.12167,0.00176078,800000
486086,1.88637,0.12167,0.00176078,800000
486887,1.88637,0.12167,0.00176078,800000
487688,1.88637,0.12167,0.00176078,800000
488488,1.88637,0.12167,0.00176078,800000
489289,1.88637,0.12167,0.00176078,800000
490090,1.88637,0.12167,0.00176078,800000
490891,1.88637,0.12167,0.00176078,800000
491692,1.88637,0.12167,0.00176078,800000
492492,1.88637,0.12167,0.00176078,800000
493293,1.88637,0.12167,0.00176078,800000
494094,1.88637,0.12167,0.00176078,800000
494895,1.88637,0.12167,0.00176078,800000
495696,1.88637,0.12167,0.00176078,800000
496496,1.88637,0.12167,0.00176078,800000
497297,1.88637,0.12167,0.00176078,800000
498098,1.88637,0.12167,0.00176078,800000
498899,1.88637,0.12167,0.00176078,800000
499700,1.88637,0.12167,0.00176078,800000
500501,1.88637,0.12167,0.00176078,800000
501301,1.88637,0.12167,0.00176078,800000
502102,1.88637,0.12167,0.00176078,800000
502903,1.88637,0.12167,0.00176078,800000
503704,1.88637,0.12167,0.00176078,800000
504505,1.88637,0.12167,0.00176078,800000
505305,1.88637,0.12167,0.00176078,800000
506106,1.88637,0.12167,0.00176078,800000
506907,1.88637,0.12167,0.00176078,800000
507708,1.88637,0.12167,0.00176078,800000
508509,1.88637,0.12167,0.00176078,800000
509309,1.88637,0.12167,0.00176078,800000
510110,1.88637,0.12167,0.00176078,800000
510911,1.88637,0.12167,0.00176078,800000
511712,1.88637,0.12167,0.00176078,800000
512513,1.88637,0.12167,0.00176078,800000
513313,1.88637,0.12167,0.00176078,800000
514114,1.88637,0.12167,0.00176078,800000
514915,1.88637,0.12167,0.00176078,800000
515716,1.88637,0.12167,0.00176078,800000
516517,1.88637,0.12167,0.00176078,800000
517317,1.88637,0.12167,0.00176078,800000
518118,1.88637,0.12167,0.00176078,800000
518919,1.88637,0.12167,0.00176078,800000
519720,1.88637,0.12167,0.00176078,800000
520521,1.88637,0.12167,0.00176078,800000
521321,1.88637,0.12167,0.00176078,800000
522122,1.88637,0.12167,0.00176078,800000
522923,1.88637,0.12167,0.00176078,800000
523724,1.88637,0.12167,0.00176078,800000
524525,1.88637,0.12167,0.00176078,800000
525325,1.88637,0.12167,0.00176078,800000
526126,1.88637,0.12167,0.00176078,800000
526927,1.88637,0.12167,0.00176078,800000
527728,1.88637,0.12167,0.00176078,800000
528529,1.88637,0.12167,0.00176078,800000
529329,1.88637,0.12167,0.00176078,800000
530130,1.88637,0.12167,0.00176078,800000
530931,1.88637,0.12167,0.00176078,800000
531732,1.88637,0.12167,0.00176078,800000
532533,1.88637,0.12167,0.00176078,800000
533333,1.88637,0.12167,0.00176078,800000
534134,1.88637,0.12167,0.00176078,800000
534935,1.88637,0.12167,0.00176078,800000
535736,1.88637,0.12167,0.00176078,800000
536537,1.88637,0.12167,0.00176078,800000
537337,1.88637,0.12167,0.00176078,800000
538138,1.88637,0.12167,0.00176078,800000
538939,1.88637,0.12167,0.00176078,800000
539740,1.88637,0.12167,0.00176078,800000
540541,1.88637,0.12167,0.00176078,800000
541341,1.88637,0.12167,0.00176078,800000
542142,1.88637,0.12167,0.00176078,800000
542943,1.88637,0.12167,0.00176078,800000
543744,1.88637,0.12167,0.00176078,800000
544545,1.88637,0.12167,0.00176078,800000
545345,1.88637,0.12167,0.00176078,800000
546146,1.88637,0.12167,0.00176078,800000
546947,1.88637,0.12167,0.00176078,800000
547748,1.88637,0.12167,0.00176078,800000
548549,1.88637,0.12167,0.00176078,800000
549349,1.88637,0.12167,0.00176078,800000
550150,1.88637,0.12167,0.00176078,800000
550951,1.88637,0.12167,0.00176078,800000
551752,1.88637,0.12167,0.00176078,800000
552553,1.88637,0.12167,0.00176078,800000
553353,1.88637,0.12167,0.00176078,800000
554154,1.88637,0.12167,0.00176078,800000
554955,1.88637,0.12167,0.00176078,800000
555756,1.88637,0.12167,0.00176078,800000
556557,1.88637,0.12167,0.00176078,800000
557357,1.88637,0.12167,0.00176078,800000
558158,1.88637,0.12167,0.00176078,800000
558959,1.88637,0.12167,0.00176078,800000
559760,1.88637,0.12167,0.00176078,800000
560561,1.88637,0.12167,0.00176078,800000
561361,1.88637,0.12167,0.00176078,800000
562162,1.88637,0.12167,0.00176078,800000
562963,1.88637,0.12167,0.00176078,800000
563764,1.88637,0.12167,0.00176078,800000
564565,1.88637,0.12167,0.00176078,800000
565365,1.88637,0.12167,0.00176078,800000
566166,1.88637,0.12167,0.00176078,800000
566967,1.88637,0.12167,0.00176078,800000
567768,1.88637,0.12167,0.00176078,800000
568569,1.88637,0.12167,0.00176078,800000
569369,1.88637,0.12167,0.00176078,800000
570170,1.88637,0.12167,0.00176078,800000
570971,1.88637,0.12167,0.00176078,800000
571772,1.88637,0.12167,0.00176078,800000
572573,1.88637,0.12167,0.00176078,800000
573373,1.88637,0.12167,0.00176078,800000
574174,1.88637,0.12167,0.00176078,800000
574975,1.88637,0.12167,0.00176078,800000
575776,1.88637,0.12167,0.00176078,800000
576577,1.88637,0.12167,0.00176078,800000
577377,1.88637,0.12167,0.00176078,800000
578178,1.88637,0.12167,0.00176078,800000
578979,1.88637,0.12167,0.00176078,800000
579780,1.88637,0.12167,0.00176078,800000
580581,1.88637,0.12167,0.00176078,800000
581381,1.88637,0.12167,0.00176078,800000
582182,1.88637,0.12167,0.00176078,800000
582983,1.88637,0.12167,0.00176078,800000
583784,1.88637,0.12167,0.00176078,800000
584585,1.88637,0.12167,0.00176078,800000
585385,1.88637,0.12167,0.00176078,800000
586186,1.88637,0.12167,0.00176078,800000
586987,1.88637,0.12167,0.00176078,800000
587788,1.88637,0.12167,0.00176078,800000
588589,1.88637,0.12167,0.00176078,800000
589389,1.88637,0.12167,0.00176078,800000
590190,1.88637,0.12167,0.00176078,800000
590991,1.88637,0.12167,0.00176078,800000
591792,1.88637,0.12167,0.00176078,800000
592593,1.88637,0.12167,0.00176078,800000
593393,1.88637,0.12167,0.00176078,800000
594194,1.88637,0.12167,0.00176078,800000
594995,1.88637,0.12167,0.00176078,800000
595796,1.88637,0.12167,0.00176078,800000
596597,1.88637,0.12167,0.00176078,800000
597397,1.88637,0.12167,0.00176078,800000
598198,1.88637,0.12167,0.00176078,800000
598999,1.88637,0.12167,0.00176078,800000
599800,1.88637,0.12167,0.00176078,800000
600601,1.88637,0.12167,0.00176078,800000
601401,1.88637,0.12167,0.00176078,800000
602202,1.88637,0.12167,0.00176078,800000
603003,1.88637,0.12167,0.00176078,800000
603804,1.88637,0.12167,0.00176078,800000
604605,1.88637,0.12167,0.00176078,800000
605405,1.88637,0.12167,0.00176078,800000
606206,1.88637,0.12167,0.00176078,800000
607007,1.88637,0.12167,0.00176078,800000
607808,1.88637,0.12167,0.00176078,800000
608609,1.88637,0.12167,0.00176078,800000
609409,1.88637,0.12167,0.00176078,800000
610210,1.88637,0.12167,0.00176078,800000
611011,1.88637,0.12167,0.00176078,800000
611812,1.88637,0.12167,0.00176078,800000
612613,1.88637,0.12167,0.00176078,800000
613413,1.88637,0.12167,0.00176078,800000
614214,1.88637,0.12167,0.00176078,800000
615015,1.88637,0.12167,0.00176078,800000
615816,1.88637,0.12167,0.00176078,800000
616617,1.88637,0.12167,0.00176078,800000
617417,1.88637,0.12167,0.00176078,800000
618218,1.88637,0.12167,0.00176078,800000
619019,1.88637,0.12167,0.00176078,800000
619820,1.88637,0.12167,0.00176078,800000
620621,1.88637,0.12167,0.00176078,800000
621421,1.88637,0.12167,0.00176078,800000
622222,1.88637,0.12167,0.00176078,800000
623023,1.88637,0.12167,0.00176078,800000
623824,1.88637,0.12167,0.00176078,800000
624625,1.88637,0.12167,0.00176078,800000
625425,1.88637,0.12167,0.00176078,800000
626226,1.88637,0.12167,0.00176078,800000
627027,1.88637,0.12167,0.00176078,800000
627828,1.88637,0.12167,0.00176078,800000
628629,1.88637,0.12167,0.00176078,800000
629429,1.88637,0.12167,0.00176078,800000
630230,1.88637,0.12167,0.00176078,800000
631031,1.88637,0.12167,0.00176078,800000
631832,1.88637,0.12167,0.00176078,800000
632633,1.88637,0.12167,0.00176078,800000
633433,1.88637,0.12167,0.00176078,800000
634234,1.88637,0.12167,0.00176078,800000
635035,1.88637,0.12167,0.00176078,800000
635836,1.88637,0.12167,0.00176078,800000
636637,1.88637,0.12167,0.00176078,800000
637437,1.88637,0.12167,0.00176078,800000
638238,1.88637,0.12167,0.00176078,800000
639039,1.88637,0.12167,0.00176078,800000
639840,1.88637,0.12167,0.00176078,800000
640641,1.88637,0.12167,0.00176078,800000
641441,1.88637,0.12167,0.00176078,800000
642242,1.88637,0.12167,0.00176078,800000
643043,1.88637,0.12167,0.00176078,800000
643844,1.88637,0.12167,0.00176078,800000
644645,1.88637,0.12167,0.00176078,800000
645445,1.88637,0.12167,0.00176078,800000
646246,1.88637,0.12167,0.00176078,800000
647047,1.88637,0.12167,0.00176078,800000
647848,1.88637,0.12167,0.00176078,800000
648649,1.88637,0.12167,0.00176078,800000
649449,1.88637,0.12167,0.00176078,800000
650250,1.88637,0.12167,0.00176078,800000
651051,1.88637,0.12167,0.00176078,800000
651852,1.88637,0.12167,0.00176078,800000
652653,1.88637,0.12167,0.00176078,800000
653453,1.88637,0.12167,0.00176078,800000
654254,1.88637,0.12167,0.00176078,800000
655055,1.88637,0.12167,0.00176078,800000
655856,1.88637,0.12167,0.00176078,800000
656657,1.88637,0.12167,0.00176078,800000
657457,1.88637,0.12167,0.00176078,800000
658258,1.88637,0.12167,0.00176078,800000
659059,1.88637,0.12167,0.00176078,800000
659860,1.88637,0.12167,0.00176078,800000
660661,1.88637,0.12167,0.00176078,800000
661461,1.88637,0.12167,0.00176078,800000
662262,1.88637,0.12167,0.00176078,800000
663063,1.88637,0.12167,0.00176078,800000
663864,1.88637,0.12167,0.00176078,800000
664665,1.88637,0.12167,0.00176078,800000
665465,1.88637,0.12167,0.00176078,800000
666266,1.88637,0.12167,0.00176078,800000
667067,1.88637,0.12167,0.00176078,800000
667868,1.88637,0.12167,0.00176078,800000
668669,1.88637,0.12167,0.00176078,800000
669469,1.88637,0.12167,0.00176078,800000
670270,1.88637,0.12167,0.00176078,800000
671071,1.88637,0.12167,0.00176078,800000
671872,1.88637,0.12167,0.00176078,800000
672673,1.88637,0.12167,0.00176078,800000
673473,1.88637,0.12167,0.00176078,800000
674274,1.88637,0.12167,0.00176078,800000
675075,1.88637,0.12167,0.00176078,800000
675876,1.88637,0.12167,0.00176078,800000
676677,1.88637,0.12167,0.00176078,800000
677477,1.88637,0.12167,0.00176078,800000
678278,1.88637,0.12167,0.00176078,800000
679079,1.88637,0.12167,0.00176078,800000
679880,1.88637,0.12167,0.00176078,800000
680681,1.88637,0.12167,0.00176078,800000
681481,1.88637,0.12167,0.00176078,800000
682282,1.88637,0.12167,0.00176078,800000
683083,1.88637,0.12167,0.00176078,800000
683884,1.88637,0.12167,0.00176078,800000
684685,1.88637,0.12167,0.00176078,800000
685485,1.88637,0.12167,0.00176078,800000
686286,1.88637,0.12167,0.00176078,800000
687087,1.88637,0.12167,0.00176078,800000
687888,1.88637,0.12167,0.00176078,800000
688689,1.88637,0.12167,0.00176078,800000
689489,1.88637,0.12167,0.00176078,800000
690290,1.88637,0.12167,0.00176078,800000
691091,1.88637,0.12167,0.00176078,800000
691892,1.88637,0.12167,0.00176078,800000
692693,1.88637,0.12167,0.00176078,800000
693493,1.88637,0.12167,0.00176078,800000
694294,1.88637,0.12167,0.00176078,800000
695095,1.88637,0.12167,0.00176078,800000
695896,1.88637,0.12167,0.00176078,800000
696697,1.88637,0.12167,0.00176078,800000
697497,1.88637,0.12167,0.00176078,800000
698298,1.88637,0.12167,0.00176078,800000
699099,1.88637,0.12167,0.00176078,800000
699900,1.88637,0.12167,0.00176078,800000
700701,1.88637,0.12167,0.00176078,800000
701502,1.88637,0.12167,0.00176078,800000
702302,1.88637,0.12167,0.00176078,800000
703103,1.88637,0.12167,0.00176078,800000
703904,1.88637,0.12167,0.00176078,800000
704705,1.88637,0.12167,0.00176078,800000
705506,1.88637,0.12167,0.00176078,800000
706306,1.88637,0.12167,0.00176078,800000
707107,1.88637,0.12167,0.00176078,800000
707908,1.88637,0.12167,0.00176078,800000
708709,1.88637,0.12167,0.00176078,800000
709510,1.88637,0.12167,0.00176078,800000
710310,1.88637,0.12167,0.00176078,800000
711111,1.88637,0.12167,0.00176078,800000
711912,1.88637,0.12167,0.00176078,800000
712713,1.88637,0.12167,0.00176078,800000
713514,1.88637,0.12167,0.00176078,800000
714314,1.88637,0.12167,0.00176078,800000
715115,1.88637,0.12167,0.00176078,800000
715916,1.88637,0.12167,0.00176078,800000
716717,1.88637,0.12167,0.00176078,800000
717518,1.88637,0.12167,0.00176078,800000
718318,1.88637,0.12167,0.00176078,800000
719119,1.88637,0.12167,0.00176078,800000
719920,1.88637,0.12167,0.00176078,800000
720721,1.88637,0.12167,0.00176078,800000
721522,1.88637,0.12167,0.00176078,800000
722322,1.88637,0.12167,0.00176078,800000
723123,1.88637,0.12167,0.00176078,800000
723924,1.88637,0.12167,0.00176078,800000
724725,1.88637,0.12167,0.00176078,800000
725526,1.88637,0.12167,0.00176078,800000
726326,1.88637,0.12167,0.00176078,800000
727127,1.88637,0.12167,0.00176078,800000
727928,1.88637,0.12167,0.00176078,800000
728729,1.88637,0.12167,0.00176078,800000
729530,1.88637,0.12167,0.00176078,800000
730330,1.88637,0.12167,0.00176078,800000
731131,1.88637,0.12167,0.00176078,800000
731932,1.88637,0.12167,0.00176078,800000
732733,1.88637,0.12167,0.00176078,800000
733534,1.88637,0.12167,0.00176078,800000
734334,1.88637,0.12167,0.00176078,800000
735135,1.88637,0.12167,0.00176078,800000
735936,1.88637,0.12167,0.00176078,800000
736737,1.88637,0.12167,0.00176078,800000
737538,1.88637,0.12167,0.00176078,800000
738338,1.88637,0.12167,0.00176078,800000
739139,1.88637,0.12167,0.00176078,800000
739940,1.88637,0.12167,0.00176078,800000
740741,1.88637,0.12167,0.00176078,800000
741542,1.88637,0.12167,0.00176078,800000
742342,1.88637,0.12167,0.00176078,800000
743143,1.88637,0.12167,0.00176078,800000
743944,1.88637,0.12167,0.00176078,800000
744745,1.88637,0.12167,0.00176078,800000
745546,1.88637,0.12167,0.00176078,800000
746346,1.88637,0.12167,0.00176078,800000
747147,1.88637,0.12167,0.00176078,800000
747948,1.88637,0.12167,0.00176078,800000
748749,1.88637,0.12167,0.00176078,800000
749550,1.88637,0.12167,0.00176078,800000
750350,1.88637,0.12167,0.00176078,800000
751151,1.88637,0.12167,0.00176078,800000
751952,1.88637,0.12167,0.00176078,800000
752753,1.88637,0.12167,0.00176078,800000
753554,1.88637,0.12167,0.00176078,800000
754354,1.88637,0.12167,0.00176078,800000
755155,1.88637,0.12167,0.00176078,800000
755956,1.88637,0.12167,0.00176078,800000
756757,1.88637,0.12167,0.00176078,800000
757558,1.88637,0.12167,0.00176078,800000
758358,1.88637,0.12167,0.00176078,800000
759159,1.88637,0.12167,0.00176078,800000
759960,1.88637,0.12167,0.00176078,800000
760761,1.88637,0.12167,0.00176078,800000
761562,1.88637,0.12167,0.00176078,800000
762362,1.88637,0.12167,0.00176078,800000
763163,1.88637,0.12167,0.00176078,800000
763964,1.88637,0.12167,0.00176078,800000
764765,1.88637,0.12167,0.00176078,800000
765566,1.88637,0.12167,0.00176078,800000
766366,1.88637,0.12167,0.00176078,800000
767167,1.88637,0.12167,0.00176078,800000
767968,1.88637,0.12167,0.00176078,800000
768769,1.88637,0.12167,0.00176078,800000
769570,1.88637,0.12167,0.00176078,800000
770370,1.88637,0.12167,0.00176078,800000
771171,1.88637,0.12167,0.00176078,800000
771972,1.88637,0.12167,0.00176078,800000
772773,1.88637,0.12167,0.00176078,800000
773574,1.88637,0.12167,0.00176078,800000
774374,1.88637,0.12167,0.00176078,800000
775175,1.88637,0.12167,0.00176078,800000
775976,1.88637,0.12167,0.00176078,800000
776777,1.88637,0.12167,0.00176078,800000
777578,1.88637,0.12167,0.00176078,800000
778378,1.88637,0.12167,0.00176078,800000
779179,1.88637,0.12167,0.00176078,800000
779980,1.88637,0.12167,0.00176078,800000
780781,1.88637,0.12167,0.00176078,800000
781582,1.88637,0.12167,0.00176078,800000
782382,1.88637,0.12167,0.00176078,800000
783183,1.88637,0.12167,0.00176078,800000
783984,1.88637,0.12167,0.00176078,800000
784785,1.88637,0.12167,0.00176078,800000
785586,1.88637,0.12167,0.00176078,800000
786386,1.88637,0.12167,0.00176078,800000
787187,1.88637,0.12167,0.00176078,800000
787988,1.88637,0.12167,0.00176078,800000
788789,1.88637,0.12167,0.00176078,800000
789590,1.88637,0.12167,0.00176078,800000
790390,1.88637,0.12167,0.00176078,800000
791191,1.88637,0.12167,0.00176078,800000
791992,1.88637,0.12167,0.00176078,800000
792793,1.88637,0.12167,0.00176078,800000
793594,1.88637,0.12167,0.00176078,800000
794394,1.88637,0.12167,0.00176078,800000
795195,1.88637,0.12167,0.00176078,800000
795996,1.88637,0.12167,0.00176078,800000
796797,1.88637,0.12167,0.00176078,800000
797598,1.88637,0.12167,0.00176078,800000
798398,1.88637,0.12167,0.00176078,800000
799199,1.88637,0.12167,0.00176078,800000
800000,1.88637,0.12167,0.00176078,800000
