# Time (hours),Membrane Thickness (cm),Voltage (V),Current Density (A/cm2),Power (W),CHO (mol/m3),CH2O2 (mol/m3),FRR (g/cm2/h)
0,0.0178,1.92879,0.762442,1000,8.79651e-12,1.12392e+06,6.93945e-08
0.001001,0.0177661,1.92893,0.762442,1000.07,8.79651e-12,1.12392e+06,6.93945e-08
0.002002,0.0177323,1.92906,0.76239,1000.07,8.79652e-12,1.12398e+06,6.92624e-08
0.003003,0.0176985,1.92919,0.762339,1000.07,8.79652e-12,1.12405e+06,6.91306e-08
0.004004,0.0176648,1.92932,0.762287,1000.07,8.79653e-12,1.12411e+06,6.89991e-08
0.00500501,0.0176312,1.92946,0.762235,1000.08,8.79653e-12,1.12418e+06,6.88678e-08
0.00600601,0.0175977,1.92959,0.762183,1000.08,8.79654e-12,1.12425e+06,6.87367e-08
0.00700701,0.0175642,1.92972,0.762131,1000.08,8.79654e-12,1.12432e+06,6.86059e-08
0.00800801,0.0175307,1.92985,0.762079,1000.08,8.79655e-12,1.12438e+06,6.84753e-08
0.00900901,0.0174973,1.92998,0.762027,1000.08,8.79655e-12,1.12445e+06,6.8345e-08
0.01001,0.017464,1.93012,0.761975,1000.08,8.79656e-12,1.12452e+06,6.8215e-08
0.011011,0.0174308,1.93025,0.761922,1000.08,8.79656e-12,1.12458e+06,6.80851e-08
0.012012,0.0173976,1.93038,0.76187,1000.08,8.79657e-12,1.12465e+06,6.79556e-08
0.013013,0.0173645,1.93052,0.761817,1000.08,8.79658e-12,1.12472e+06,6.78263e-08
0.014014,0.0173314,1.93065,0.761765,1000.08,8.79658e-12,1.12479e+06,6.76972e-08
0.015015,0.0172984,1.93078,0.761712,1000.08,8.79659e-12,1.12486e+06,6.75684e-08
0.016016,0.0172655,1.93092,0.761659,1000.08,8.79659e-12,1.12492e+06,6.74398e-08
0.017017,0.0172326,1.93105,0.761606,1000.08,8.7966e-12,1.12499e+06,6.73114e-08
0.018018,0.0171998,1.93119,0.761553,1000.08,8.7966e-12,1.12506e+06,6.71833e-08
0.019019,0.0171671,1.93132,0.7615,1000.08,8.79661e-12,1.12513e+06,6.70555e-08
0.02002,0.0171344,1.93146,0.761447,1000.08,8.79661e-12,1.1252e+06,6.69279e-08
0.021021,0.0171018,1.93159,0.761394,1000.08,8.79662e-12,1.12527e+06,6.68005e-08
0.022022,0.0170692,1.93173,0.761341,1000.08,8.79663e-12,1.12533e+06,6.66734e-08
0.023023,0.0170367,1.93186,0.761287,1000.08,8.79663e-12,1.1254e+06,6.65465e-08
0.024024,0.0170043,1.932,0.761234,1000.08,8.79664e-12,1.12547e+06,6.64199e-08
0.025025,0.0169719,1.93213,0.76118,1000.08,8.79664e-12,1.12554e+06,6.62935e-08
0.026026,0.0169396,1.93227,0.761127,1000.08,8.79665e-12,1.12561e+06,6.61673e-08
0.027027,0.0169074,1.93241,0.761073,1000.08,8.79665e-12,1.12568e+06,6.60414e-08
0.028028,0.0168752,1.93254,0.761019,1000.08,8.79666e-12,1.12575e+06,6.59157e-08
0.029029,0.0168431,1.93268,0.760965,1000.08,8.79667e-12,1.12582e+06,6.57903e-08
0.03003,0.016811,1.93282,0.760911,1000.08,8.79667e-12,1.12589e+06,6.56651e-08
0.031031,0.016779,1.93296,0.760857,1000.08,8.79668e-12,1.12596e+06,6.55401e-08
0.032032,0.0167471,1.93309,0.760803,1000.08,8.79668e-12,1.12603e+06,6.54154e-08
0.033033,0.0167152,1.93323,0.760749,1000.08,8.79669e-12,1.1261e+06,6.52909e-08
0.034034,0.0166834,1.93337,0.760694,1000.08,8.79669e-12,1.12617e+06,6.51666e-08
0.035035,0.0166516,1.93351,0.76064,1000.08,8.7967e-12,1.12624e+06,6.50426e-08
0.036036,0.0166199,1.93365,0.760585,1000.08,8.7967e-12,1.12631e+06,6.49188e-08
0.037037,0.0165883,1.93379,0.760531,1000.08,8.79671e-12,1.12638e+06,6.47953e-08
0.038038,0.0165567,1.93393,0.760476,1000.08,8.79672e-12,1.12645e+06,6.4672e-08
0.039039,0.0165252,1.93407,0.760421,1000.08,8.79672e-12,1.12652e+06,6.45489e-08
0.04004,0.0164937,1.93421,0.760366,1000.08,8.79673e-12,1.12659e+06,6.44261e-08
0.041041,0.0164623,1.93435,0.760311,1000.08,8.79673e-12,1.12667e+06,6.43035e-08
0.042042,0.016431,1.93449,0.760256,1000.08,8.79674e-12,1.12674e+06,6.41811e-08
0.043043,0.0163997,1.93463,0.760201,1000.08,8.79675e-12,1.12681e+06,6.4059e-08
0.044044,0.0163685,1.93477,0.760146,1000.08,8.79675e-12,1.12688e+06,6.39371e-08
0.045045,0.0163373,1.93491,0.76009,1000.08,8.79676e-12,1.12695e+06,6.38154e-08
0.046046,0.0163062,1.93505,0.760035,1000.08,8.79676e-12,1.12702e+06,6.36939e-08
0.047047,0.0162752,1.93519,0.75998,1000.08,8.79677e-12,1.1271e+06,6.35727e-08
0.048048,0.0162442,1.93534,0.759924,1000.08,8.79677e-12,1.12717e+06,6.34517e-08
0.049049,0.0162133,1.93548,0.759868,1000.08,8.79678e-12,1.12724e+06,6.3331e-08
0.0500501,0.0161824,1.93562,0.759812,1000.08,8.79679e-12,1.12731e+06,6.32105e-08
0.0510511,0.0161516,1.93576,0.759757,1000.08,8.79679e-12,1.12738e+06,6.30902e-08
0.0520521,0.0161208,1.93591,0.759701,1000.08,8.7968e-12,1.12746e+06,6.29701e-08
0.0530531,0.0160902,1.93605,0.759645,1000.08,8.7968e-12,1.12753e+06,6.28503e-08
0.0540541,0.0160595,1.93619,0.759588,1000.08,8.79681e-12,1.1276e+06,6.27307e-08
0.0550551,0.016029,1.93634,0.759532,1000.08,8.79682e-12,1.12768e+06,6.26113e-08
0.0560561,0.0159984,1.93648,0.759476,1000.08,8.79682e-12,1.12775e+06,6.24921e-08
0.0570571,0.015968,1.93662,0.759419,1000.08,8.79683e-12,1.12782e+06,6.23732e-08
0.0580581,0.0159376,1.93677,0.759363,1000.08,8.79683e-12,1.12789e+06,6.22545e-08
0.0590591,0.0159072,1.93691,0.759306,1000.08,8.79684e-12,1.12797e+06,6.21361e-08
0.0600601,0.015877,1.93706,0.75925,1000.08,8.79684e-12,1.12804e+06,6.20178e-08
0.0610611,0.0158467,1.9372,0.759193,1000.08,8.79685e-12,1.12812e+06,6.18998e-08
0.0620621,0.0158166,1.93735,0.759136,1000.08,8.79686e-12,1.12819e+06,6.1782e-08
0.0630631,0.0157865,1.93749,0.759079,1000.08,8.79686e-12,1.12826e+06,6.16644e-08
0.0640641,0.0157564,1.93764,0.759022,1000.08,8.79687e-12,1.12834e+06,6.15471e-08
0.0650651,0.0157264,1.93779,0.758965,1000.08,8.79687e-12,1.12841e+06,6.14299e-08
0.0660661,0.0156965,1.93793,0.758907,1000.08,8.79688e-12,1.12849e+06,6.1313e-08
0.0670671,0.0156666,1.93808,0.75885,1000.08,8.79689e-12,1.12856e+06,6.11963e-08
0.0680681,0.0156368,1.93823,0.758793,1000.08,8.79689e-12,1.12864e+06,6.10799e-08
0.0690691,0.015607,1.93837,0.758735,1000.08,8.7969e-12,1.12871e+06,6.09637e-08
0.0700701,0.0155773,1.93852,0.758677,1000.08,8.7969e-12,1.12878e+06,6.08476e-08
0.0710711,0.0155476,1.93867,0.75862,1000.08,8.79691e-12,1.12886e+06,6.07318e-08
0.0720721,0.015518,1.93882,0.758562,1000.08,8.79692e-12,1.12893e+06,6.06163e-08
0.0730731,0.0154885,1.93897,0.758504,1000.08,8.79692e-12,1.12901e+06,6.05009e-08
0.0740741,0.015459,1.93911,0.758446,1000.08,8.79693e-12,1.12909e+06,6.03858e-08
0.0750751,0.0154296,1.93926,0.758388,1000.08,8.79694e-12,1.12916e+06,6.02709e-08
0.0760761,0.0154002,1.93941,0.75833,1000.09,8.79694e-12,1.12924e+06,6.01562e-08
0.0770771,0.0153709,1.93956,0.758271,1000.09,8.79695e-12,1.12931e+06,6.00417e-08
0.0780781,0.0153416,1.93971,0.758213,1000.09,8.79695e-12,1.12939e+06,5.99274e-08
0.0790791,0.0153124,1.93986,0.758155,1000.09,8.79696e-12,1.12946e+06,5.98134e-08
0.0800801,0.0152833,1.94001,0.758096,1000.09,8.79697e-12,1.12954e+06,5.96995e-08
0.0810811,0.0152542,1.94016,0.758037,1000.09,8.79697e-12,1.12962e+06,5.95859e-08
0.0820821,0.0152251,1.94031,0.757979,1000.09,8.79698e-12,1.12969e+06,5.94725e-08
0.0830831,0.0151961,1.94046,0.75792,1000.09,8.79698e-12,1.12977e+06,5.93594e-08
0.0840841,0.0151672,1.94061,0.757861,1000.09,8.79699e-12,1.12985e+06,5.92464e-08
0.0850851,0.0151383,1.94077,0.757802,1000.09,8.797e-12,1.12992e+06,5.91336e-08
0.0860861,0.0151095,1.94092,0.757743,1000.09,8.797e-12,1.13e+06,5.90211e-08
0.0870871,0.0150807,1.94107,0.757683,1000.09,8.79701e-12,1.13008e+06,5.89088e-08
0.0880881,0.015052,1.94122,0.757624,1000.09,8.79702e-12,1.13016e+06,5.87967e-08
0.0890891,0.0150234,1.94137,0.757565,1000.09,8.79702e-12,1.13023e+06,5.86848e-08
0.0900901,0.0149948,1.94153,0.757505,1000.09,8.79703e-12,1.13031e+06,5.85731e-08
0.0910911,0.0149662,1.94168,0.757446,1000.09,8.79703e-12,1.13039e+06,5.84616e-08
0.0920921,0.0149377,1.94183,0.757386,1000.09,8.79704e-12,1.13047e+06,5.83504e-08
0.0930931,0.0149093,1.94199,0.757326,1000.09,8.79705e-12,1.13054e+06,5.82393e-08
0.0940941,0.0148809,1.94214,0.757266,1000.09,8.79705e-12,1.13062e+06,5.81285e-08
0.0950951,0.0148526,1.94229,0.757206,1000.09,8.79706e-12,1.1307e+06,5.80179e-08
0.0960961,0.0148243,1.94245,0.757146,1000.09,8.79707e-12,1.13078e+06,5.79075e-08
0.0970971,0.0147961,1.9426,0.757086,1000.09,8.79707e-12,1.13086e+06,5.77973e-08
0.0980981,0.0147679,1.94276,0.757026,1000.09,8.79708e-12,1.13094e+06,5.76873e-08
0.0990991,0.0147398,1.94291,0.756965,1000.09,8.79708e-12,1.13101e+06,5.75775e-08
0.1001,0.0147118,1.94307,0.756905,1000.09,8.79709e-12,1.13109e+06,5.74679e-08
0.101101,0.0146837,1.94323,0.756844,1000.09,8.7971e-12,1.13117e+06,5.73586e-08
0.102102,0.0146558,1.94338,0.756784,1000.09,8.7971e-12,1.13125e+06,5.72494e-08
0.103103,0.0146279,1.94354,0.756723,1000.09,8.79711e-12,1.13133e+06,5.71405e-08
0.104104,0.0146,1.94369,0.756662,1000.09,8.79712e-12,1.13141e+06,5.70317e-08
0.105105,0.0145722,1.94385,0.756601,1000.09,8.79712e-12,1.13149e+06,5.69232e-08
0.106106,0.0145445,1.94401,0.75654,1000.09,8.79713e-12,1.13157e+06,5.68149e-08
0.107107,0.0145168,1.94417,0.756479,1000.09,8.79714e-12,1.13165e+06,5.67067e-08
0.108108,0.0144892,1.94432,0.756418,1000.09,8.79714e-12,1.13173e+06,5.65988e-08
0.109109,0.0144616,1.94448,0.756356,1000.09,8.79715e-12,1.13181e+06,5.64911e-08
0.11011,0.0144341,1.94464,0.756295,1000.09,8.79715e-12,1.13189e+06,5.63836e-08
0.111111,0.0144066,1.9448,0.756233,1000.09,8.79716e-12,1.13197e+06,5.62763e-08
0.112112,0.0143792,1.94496,0.756172,1000.09,8.79717e-12,1.13205e+06,5.61692e-08
0.113113,0.0143518,1.94512,0.75611,1000.09,8.79717e-12,1.13213e+06,5.60623e-08
0.114114,0.0143245,1.94528,0.756048,1000.09,8.79718e-12,1.13221e+06,5.59556e-08
0.115115,0.0142972,1.94544,0.755986,1000.09,8.79719e-12,1.13229e+06,5.58491e-08
0.116116,0.01427,1.9456,0.755924,1000.09,8.79719e-12,1.13238e+06,5.57429e-08
0.117117,0.0142428,1.94576,0.755862,1000.09,8.7972e-12,1.13246e+06,5.56368e-08
0.118118,0.0142157,1.94592,0.7558,1000.09,8.79721e-12,1.13254e+06,5.55309e-08
0.119119,0.0141886,1.94608,0.755737,1000.09,8.79721e-12,1.13262e+06,5.54252e-08
0.12012,0.0141616,1.94624,0.755675,1000.09,8.79722e-12,1.1327e+06,5.53197e-08
0.121121,0.0141346,1.9464,0.755612,1000.09,8.79723e-12,1.13278e+06,5.52145e-08
0.122122,0.0141077,1.94656,0.75555,1000.09,8.79723e-12,1.13287e+06,5.51094e-08
0.123123,0.0140809,1.94672,0.755487,1000.09,8.79724e-12,1.13295e+06,5.50045e-08
0.124124,0.0140541,1.94689,0.755424,1000.09,8.79725e-12,1.13303e+06,5.48998e-08
0.125125,0.0140273,1.94705,0.755361,1000.09,8.79725e-12,1.13311e+06,5.47954e-08
0.126126,0.0140006,1.94721,0.755298,1000.09,8.79726e-12,1.13319e+06,5.46911e-08
0.127127,0.013974,1.94737,0.755235,1000.09,8.79727e-12,1.13328e+06,5.4587e-08
0.128128,0.0139474,1.94754,0.755172,1000.09,8.79727e-12,1.13336e+06,5.44831e-08
0.129129,0.0139208,1.9477,0.755109,1000.09,8.79728e-12,1.13344e+06,5.43794e-08
0.13013,0.0138943,1.94786,0.755045,1000.09,8.79729e-12,1.13353e+06,5.4276e-08
0.131131,0.0138678,1.94803,0.754982,1000.09,8.79729e-12,1.13361e+06,5.41727e-08
0.132132,0.0138414,1.94819,0.754918,1000.09,8.7973e-12,1.13369e+06,5.40696e-08
0.133133,0.0138151,1.94836,0.754854,1000.09,8.79731e-12,1.13378e+06,5.39667e-08
0.134134,0.0137888,1.94852,0.754791,1000.09,8.79731e-12,1.13386e+06,5.3864e-08
0.135135,0.0137625,1.94869,0.754727,1000.09,8.79732e-12,1.13394e+06,5.37615e-08
0.136136,0.0137363,1.94885,0.754663,1000.09,8.79733e-12,1.13403e+06,5.36592e-08
0.137137,0.0137102,1.94902,0.754598,1000.09,8.79733e-12,1.13411e+06,5.3557e-08
0.138138,0.0136841,1.94919,0.754534,1000.09,8.79734e-12,1.1342e+06,5.34551e-08
0.139139,0.013658,1.94935,0.75447,1000.1,8.79735e-12,1.13428e+06,5.33534e-08
0.14014,0.013632,1.94952,0.754405,1000.1,8.79735e-12,1.13437e+06,5.32518e-08
0.141141,0.0136061,1.94969,0.754341,1000.1,8.79736e-12,1.13445e+06,5.31505e-08
0.142142,0.0135802,1.94985,0.754276,1000.1,8.79737e-12,1.13454e+06,5.30494e-08
0.143143,0.0135543,1.95002,0.754212,1000.1,8.79737e-12,1.13462e+06,5.29484e-08
0.144144,0.0135285,1.95019,0.754147,1000.1,8.79738e-12,1.13471e+06,5.28476e-08
0.145145,0.0135028,1.95036,0.754082,1000.1,8.79739e-12,1.13479e+06,5.27471e-08
0.146146,0.013477,1.95053,0.754017,1000.1,8.79739e-12,1.13488e+06,5.26467e-08
0.147147,0.0134514,1.9507,0.753952,1000.1,8.7974e-12,1.13496e+06,5.25465e-08
0.148148,0.0134258,1.95086,0.753886,1000.1,8.79741e-12,1.13505e+06,5.24465e-08
0.149149,0.0134002,1.95103,0.753821,1000.1,8.79741e-12,1.13513e+06,5.23467e-08
0.15015,0.0133747,1.9512,0.753756,1000.1,8.79742e-12,1.13522e+06,5.22471e-08
0.151151,0.0133492,1.95137,0.75369,1000.1,8.79743e-12,1.13531e+06,5.21476e-08
0.152152,0.0133238,1.95154,0.753624,1000.1,8.79743e-12,1.13539e+06,5.20484e-08
0.153153,0.0132985,1.95171,0.753559,1000.1,8.79744e-12,1.13548e+06,5.19493e-08
0.154154,0.0132731,1.95189,0.753493,1000.1,8.79745e-12,1.13557e+06,5.18505e-08
0.155155,0.0132479,1.95206,0.753427,1000.1,8.79746e-12,1.13565e+06,5.17518e-08
0.156156,0.0132227,1.95223,0.753361,1000.1,8.79746e-12,1.13574e+06,5.16533e-08
0.157157,0.0131975,1.9524,0.753294,1000.1,8.79747e-12,1.13583e+06,5.1555e-08
0.158158,0.0131724,1.95257,0.753228,1000.1,8.79748e-12,1.13591e+06,5.14569e-08
0.159159,0.0131473,1.95274,0.753162,1000.1,8.79748e-12,1.136e+06,5.1359e-08
0.16016,0.0131222,1.95292,0.753095,1000.1,8.79749e-12,1.13609e+06,5.12612e-08
0.161161,0.0130973,1.95309,0.753029,1000.1,8.7975e-12,1.13618e+06,5.11637e-08
0.162162,0.0130723,1.95326,0.752962,1000.1,8.7975e-12,1.13627e+06,5.10663e-08
0.163163,0.0130474,1.95344,0.752895,1000.1,8.79751e-12,1.13635e+06,5.09691e-08
0.164164,0.0130226,1.95361,0.752828,1000.1,8.79752e-12,1.13644e+06,5.08721e-08
0.165165,0.0129978,1.95379,0.752761,1000.1,8.79753e-12,1.13653e+06,5.07753e-08
0.166166,0.0129731,1.95396,0.752694,1000.1,8.79753e-12,1.13662e+06,5.06787e-08
0.167167,0.0129484,1.95414,0.752627,1000.1,8.79754e-12,1.13671e+06,5.05823e-08
0.168168,0.0129237,1.95431,0.75256,1000.1,8.79755e-12,1.1368e+06,5.0486e-08
0.169169,0.0128991,1.95449,0.752492,1000.1,8.79755e-12,1.13689e+06,5.03899e-08
0.17017,0.0128745,1.95466,0.752425,1000.1,8.79756e-12,1.13697e+06,5.0294e-08
0.171171,0.01285,1.95484,0.752357,1000.1,8.79757e-12,1.13706e+06,5.01983e-08
0.172172,0.0128256,1.95501,0.752289,1000.1,8.79757e-12,1.13715e+06,5.01028e-08
0.173173,0.0128012,1.95519,0.752221,1000.1,8.79758e-12,1.13724e+06,5.00074e-08
0.174174,0.0127768,1.95537,0.752153,1000.1,8.79759e-12,1.13733e+06,4.99123e-08
0.175175,0.0127525,1.95555,0.752085,1000.1,8.7976e-12,1.13742e+06,4.98173e-08
0.176176,0.0127282,1.95572,0.752017,1000.1,8.7976e-12,1.13751e+06,4.97225e-08
0.177177,0.0127039,1.9559,0.751949,1000.1,8.79761e-12,1.1376e+06,4.96278e-08
0.178178,0.0126798,1.95608,0.751881,1000.1,8.79762e-12,1.13769e+06,4.95334e-08
0.179179,0.0126556,1.95626,0.751812,1000.1,8.79762e-12,1.13778e+06,4.94391e-08
0.18018,0.0126315,1.95644,0.751743,1000.1,8.79763e-12,1.13787e+06,4.93451e-08
0.181181,0.0126075,1.95662,0.751675,1000.1,8.79764e-12,1.13797e+06,4.92511e-08
0.182182,0.0125835,1.9568,0.751606,1000.1,8.79765e-12,1.13806e+06,4.91574e-08
0.183183,0.0125595,1.95697,0.751537,1000.1,8.79765e-12,1.13815e+06,4.90639e-08
0.184184,0.0125356,1.95716,0.751468,1000.1,8.79766e-12,1.13824e+06,4.89705e-08
0.185185,0.0125117,1.95734,0.751399,1000.1,8.79767e-12,1.13833e+06,4.88773e-08
0.186186,0.0124879,1.95752,0.75133,1000.1,8.79768e-12,1.13842e+06,4.87843e-08
0.187187,0.0124641,1.9577,0.75126,1000.1,8.79768e-12,1.13851e+06,4.86914e-08
0.188188,0.0124404,1.95788,0.751191,1000.1,8.79769e-12,1.13861e+06,4.85988e-08
0.189189,0.0124167,1.95806,0.751121,1000.1,8.7977e-12,1.1387e+06,4.85063e-08
0.19019,0.0123931,1.95824,0.751052,1000.1,8.7977e-12,1.13879e+06,4.8414e-08
0.191191,0.0123695,1.95842,0.750982,1000.1,8.79771e-12,1.13888e+06,4.83218e-08
0.192192,0.0123459,1.95861,0.750912,1000.1,8.79772e-12,1.13898e+06,4.82299e-08
0.193193,0.0123224,1.95879,0.750842,1000.1,8.79773e-12,1.13907e+06,4.81381e-08
0.194194,0.012299,1.95897,0.750772,1000.1,8.79773e-12,1.13916e+06,4.80465e-08
0.195195,0.0122755,1.95916,0.750702,1000.1,8.79774e-12,1.13925e+06,4.79551e-08
0.196196,0.0122522,1.95934,0.750631,1000.1,8.79775e-12,1.13935e+06,4.78638e-08
0.197197,0.0122289,1.95953,0.750561,1000.11,8.79776e-12,1.13944e+06,4.77727e-08
0.198198,0.0122056,1.95971,0.75049,1000.11,8.79776e-12,1.13953e+06,4.76818e-08
0.199199,0.0121823,1.95989,0.75042,1000.11,8.79777e-12,1.13963e+06,4.7591e-08
0.2002,0.0121591,1.96008,0.750349,1000.11,8.79778e-12,1.13972e+06,4.75005e-08
0.201201,0.012136,1.96027,0.750278,1000.11,8.79779e-12,1.13982e+06,4.74101e-08
0.202202,0.0121129,1.96045,0.750207,1000.11,8.79779e-12,1.13991e+06,4.73199e-08
0.203203,0.0120898,1.96064,0.750136,1000.11,8.7978e-12,1.14e+06,4.72298e-08
0.204204,0.0120668,1.96082,0.750065,1000.11,8.79781e-12,1.1401e+06,4.71399e-08
0.205205,0.0120438,1.96101,0.749993,1000.11,8.79782e-12,1.14019e+06,4.70502e-08
0.206206,0.0120209,1.9612,0.749922,1000.11,8.79782e-12,1.14029e+06,4.69607e-08
0.207207,0.011998,1.96138,0.74985,1000.11,8.79783e-12,1.14038e+06,4.68713e-08
0.208208,0.0119752,1.96157,0.749779,1000.11,8.79784e-12,1.14048e+06,4.67821e-08
0.209209,0.0119524,1.96176,0.749707,1000.11,8.79785e-12,1.14057e+06,4.66931e-08
0.21021,0.0119296,1.96195,0.749635,1000.11,8.79785e-12,1.14067e+06,4.66042e-08
0.211211,0.0119069,1.96214,0.749563,1000.11,8.79786e-12,1.14077e+06,4.65155e-08
0.212212,0.0118842,1.96233,0.749491,1000.11,8.79787e-12,1.14086e+06,4.6427e-08
0.213213,0.0118616,1.96252,0.749419,1000.11,8.79788e-12,1.14096e+06,4.63386e-08
0.214214,0.011839,1.96271,0.749347,1000.11,8.79788e-12,1.14105e+06,4.62505e-08
0.215215,0.0118165,1.9629,0.749274,1000.11,8.79789e-12,1.14115e+06,4.61624e-08
0.216216,0.011794,1.96309,0.749202,1000.11,8.7979e-12,1.14125e+06,4.60746e-08
0.217217,0.0117715,1.96328,0.749129,1000.11,8.79791e-12,1.14134e+06,4.59869e-08
0.218218,0.0117491,1.96347,0.749056,1000.11,8.79791e-12,1.14144e+06,4.58994e-08
0.219219,0.0117267,1.96366,0.748983,1000.11,8.79792e-12,1.14154e+06,4.5812e-08
0.22022,0.0117044,1.96385,0.748911,1000.11,8.79793e-12,1.14163e+06,4.57249e-08
0.221221,0.0116821,1.96404,0.748837,1000.11,8.79794e-12,1.14173e+06,4.56378e-08
0.222222,0.0116599,1.96424,0.748764,1000.11,8.79794e-12,1.14183e+06,4.5551e-08
0.223223,0.0116377,1.96443,0.748691,1000.11,8.79795e-12,1.14193e+06,4.54643e-08
0.224224,0.0116155,1.96462,0.748618,1000.11,8.79796e-12,1.14202e+06,4.53778e-08
0.225225,0.0115934,1.96481,0.748544,1000.11,8.79797e-12,1.14212e+06,4.52914e-08
0.226226,0.0115713,1.96501,0.74847,1000.11,8.79798e-12,1.14222e+06,4.52052e-08
0.227227,0.0115493,1.9652,0.748397,1000.11,8.79798e-12,1.14232e+06,4.51192e-08
0.228228,0.0115273,1.9654,0.748323,1000.11,8.79799e-12,1.14242e+06,4.50333e-08
0.229229,0.0115054,1.96559,0.748249,1000.11,8.798e-12,1.14252e+06,4.49476e-08
0.23023,0.0114835,1.96579,0.748175,1000.11,8.79801e-12,1.14262e+06,4.48621e-08
0.231231,0.0114616,1.96598,0.7481,1000.11,8.79801e-12,1.14271e+06,4.47767e-08
0.232232,0.0114398,1.96618,0.748026,1000.11,8.79802e-12,1.14281e+06,4.46915e-08
0.233233,0.011418,1.96637,0.747952,1000.11,8.79803e-12,1.14291e+06,4.46064e-08
0.234234,0.0113963,1.96657,0.747877,1000.11,8.79804e-12,1.14301e+06,4.45216e-08
0.235235,0.0113746,1.96677,0.747802,1000.11,8.79805e-12,1.14311e+06,4.44368e-08
0.236236,0.0113529,1.96696,0.747728,1000.11,8.79805e-12,1.14321e+06,4.43523e-08
0.237237,0.0113313,1.96716,0.747653,1000.11,8.79806e-12,1.14331e+06,4.42679e-08
0.238238,0.0113097,1.96736,0.747578,1000.11,8.79807e-12,1.14341e+06,4.41836e-08
0.239239,0.0112882,1.96756,0.747503,1000.11,8.79808e-12,1.14351e+06,4.40995e-08
0.24024,0.0112667,1.96776,0.747427,1000.11,8.79809e-12,1.14361e+06,4.40156e-08
0.241241,0.0112452,1.96795,0.747352,1000.11,8.79809e-12,1.14371e+06,4.39318e-08
0.242242,0.0112238,1.96815,0.747277,1000.11,8.7981e-12,1.14381e+06,4.38482e-08
0.243243,0.0112025,1.96835,0.747201,1000.11,8.79811e-12,1.14392e+06,4.37648e-08
0.244244,0.0111811,1.96855,0.747125,1000.11,8.79812e-12,1.14402e+06,4.36815e-08
0.245245,0.0111598,1.96875,0.74705,1000.11,8.79812e-12,1.14412e+06,4.35984e-08
0.246246,0.0111386,1.96895,0.746974,1000.11,8.79813e-12,1.14422e+06,4.35154e-08
0.247247,0.0111174,1.96915,0.746898,1000.11,8.79814e-12,1.14432e+06,4.34326e-08
0.248248,0.0110962,1.96936,0.746821,1000.11,8.79815e-12,1.14442e+06,4.33499e-08
0.249249,0.0110751,1.96956,0.746745,1000.11,8.79816e-12,1.14453e+06,4.32674e-08
0.25025,0.011054,1.96976,0.746669,1000.11,8.79816e-12,1.14463e+06,4.31851e-08
0.251251,0.011033,1.96996,0.746592,1000.12,8.79817e-12,1.14473e+06,4.31029e-08
0.252252,0.0110119,1.97016,0.746516,1000.12,8.79818e-12,1.14483e+06,4.30209e-08
0.253253,0.010991,1.97037,0.746439,1000.12,8.79819e-12,1.14494e+06,4.2939e-08
0.254254,0.01097,1.97057,0.746362,1000.12,8.7982e-12,1.14504e+06,4.28573e-08
0.255255,0.0109492,1.97077,0.746285,1000.12,8.79821e-12,1.14514e+06,4.27757e-08
0.256256,0.0109283,1.97098,0.746208,1000.12,8.79821e-12,1.14525e+06,4.26943e-08
0.257257,0.0109075,1.97118,0.746131,1000.12,8.79822e-12,1.14535e+06,4.26131e-08
0.258258,0.0108867,1.97139,0.746054,1000.12,8.79823e-12,1.14545e+06,4.2532e-08
0.259259,0.010866,1.97159,0.745976,1000.12,8.79824e-12,1.14556e+06,4.2451e-08
0.26026,0.0108453,1.9718,0.745899,1000.12,8.79825e-12,1.14566e+06,4.23702e-08
0.261261,0.0108247,1.972,0.745821,1000.12,8.79825e-12,1.14576e+06,4.22896e-08
0.262262,0.0108041,1.97221,0.745743,1000.12,8.79826e-12,1.14587e+06,4.22091e-08
0.263263,0.0107835,1.97241,0.745665,1000.12,8.79827e-12,1.14597e+06,4.21288e-08
0.264264,0.010763,1.97262,0.745587,1000.12,8.79828e-12,1.14608e+06,4.20486e-08
0.265265,0.0107425,1.97283,0.745509,1000.12,8.79829e-12,1.14618e+06,4.19686e-08
0.266266,0.010722,1.97304,0.745431,1000.12,8.7983e-12,1.14629e+06,4.18887e-08
0.267267,0.0107016,1.97324,0.745353,1000.12,8.7983e-12,1.14639e+06,4.1809e-08
0.268268,0.0106812,1.97345,0.745274,1000.12,8.79831e-12,1.1465e+06,4.17294e-08
0.269269,0.0106609,1.97366,0.745195,1000.12,8.79832e-12,1.14661e+06,4.165e-08
0.27027,0.0106406,1.97387,0.745117,1000.12,8.79833e-12,1.14671e+06,4.15708e-08
0.271271,0.0106203,1.97408,0.745038,1000.12,8.79834e-12,1.14682e+06,4.14916e-08
0.272272,0.0106001,1.97429,0.744959,1000.12,8.79834e-12,1.14692e+06,4.14127e-08
0.273273,0.0105799,1.9745,0.74488,1000.12,8.79835e-12,1.14703e+06,4.13339e-08
0.274274,0.0105598,1.97471,0.744801,1000.12,8.79836e-12,1.14714e+06,4.12552e-08
0.275275,0.0105397,1.97492,0.744721,1000.12,8.79837e-12,1.14724e+06,4.11767e-08
0.276276,0.0105196,1.97513,0.744642,1000.12,8.79838e-12,1.14735e+06,4.10983e-08
0.277277,0.0104996,1.97534,0.744562,1000.12,8.79839e-12,1.14746e+06,4.10201e-08
0.278278,0.0104796,1.97555,0.744483,1000.12,8.79839e-12,1.14756e+06,4.0942e-08
0.279279,0.0104596,1.97577,0.744403,1000.12,8.7984e-12,1.14767e+06,4.08641e-08
0.28028,0.0104397,1.97598,0.744323,1000.12,8.79841e-12,1.14778e+06,4.07864e-08
0.281281,0.0104198,1.97619,0.744243,1000.12,8.79842e-12,1.14789e+06,4.07087e-08
0.282282,0.0104,1.9764,0.744163,1000.12,8.79843e-12,1.148e+06,4.06313e-08
0.283283,0.0103802,1.97662,0.744083,1000.12,8.79844e-12,1.1481e+06,4.05539e-08
0.284284,0.0103604,1.97683,0.744002,1000.12,8.79845e-12,1.14821e+06,4.04768e-08
0.285285,0.0103407,1.97705,0.743922,1000.12,8.79845e-12,1.14832e+06,4.03997e-08
0.286286,0.010321,1.97726,0.743841,1000.12,8.79846e-12,1.14843e+06,4.03229e-08
0.287287,0.0103014,1.97748,0.74376,1000.12,8.79847e-12,1.14854e+06,4.02461e-08
0.288288,0.0102817,1.97769,0.743679,1000.12,8.79848e-12,1.14865e+06,4.01695e-08
0.289289,0.0102622,1.97791,0.743598,1000.12,8.79849e-12,1.14876e+06,4.00931e-08
0.29029,0.0102426,1.97812,0.743517,1000.12,8.7985e-12,1.14887e+06,4.00168e-08
0.291291,0.0102231,1.97834,0.743436,1000.12,8.7985e-12,1.14898e+06,3.99406e-08
0.292292,0.0102037,1.97856,0.743355,1000.12,8.79851e-12,1.14909e+06,3.98646e-08
0.293293,0.0101842,1.97877,0.743273,1000.12,8.79852e-12,1.1492e+06,3.97887e-08
0.294294,0.0101648,1.97899,0.743192,1000.12,8.79853e-12,1.14931e+06,3.9713e-08
0.295295,0.0101455,1.97921,0.74311,1000.12,8.79854e-12,1.14942e+06,3.96374e-08
0.296296,0.0101262,1.97943,0.743028,1000.12,8.79855e-12,1.14953e+06,3.9562e-08
0.297297,0.0101069,1.97965,0.742946,1000.12,8.79856e-12,1.14964e+06,3.94867e-08
0.298298,0.0100876,1.97987,0.742864,1000.12,8.79856e-12,1.14975e+06,3.94116e-08
0.299299,0.0100684,1.98009,0.742782,1000.12,8.79857e-12,1.14986e+06,3.93366e-08
0.3003,0.0100493,1.98031,0.7427,1000.13,8.79858e-12,1.14997e+06,3.92617e-08
0.301301,0.0100301,1.98053,0.742617,1000.13,8.79859e-12,1.15008e+06,3.9187e-08
0.302302,0.010011,1.98075,0.742534,1000.13,8.7986e-12,1.15019e+06,3.91124e-08
0.303303,0.00999196,1.98097,0.742452,1000.13,8.79861e-12,1.15031e+06,3.9038e-08
0.304304,0.00997294,1.98119,0.742369,1000.13,8.79862e-12,1.15042e+06,3.89637e-08
0.305305,0.00995395,1.98141,0.742286,1000.13,8.79863e-12,1.15053e+06,3.88895e-08
0.306306,0.009935,1.98163,0.742203,1000.13,8.79863e-12,1.15064e+06,3.88155e-08
0.307307,0.00991608,1.98186,0.74212,1000.13,8.79864e-12,1.15076e+06,3.87416e-08
0.308308,0.0098972,1.98208,0.742037,1000.13,8.79865e-12,1.15087e+06,3.86679e-08
0.309309,0.00987835,1.9823,0.741953,1000.13,8.79866e-12,1.15098e+06,3.85943e-08
0.31031,0.00985954,1.98253,0.74187,1000.13,8.79867e-12,1.1511e+06,3.85209e-08
0.311311,0.00984077,1.98275,0.741786,1000.13,8.79868e-12,1.15121e+06,3.84476e-08
0.312312,0.00982203,1.98297,0.741702,1000.13,8.79869e-12,1.15132e+06,3.83744e-08
0.313313,0.00980333,1.9832,0.741618,1000.13,8.7987e-12,1.15144e+06,3.83014e-08
0.314314,0.00978466,1.98342,0.741534,1000.13,8.7987e-12,1.15155e+06,3.82285e-08
0.315315,0.00976603,1.98365,0.74145,1000.13,8.79871e-12,1.15166e+06,3.81557e-08
0.316316,0.00974744,1.98388,0.741366,1000.13,8.79872e-12,1.15178e+06,3.80831e-08
0.317317,0.00972887,1.9841,0.741281,1000.13,8.79873e-12,1.15189e+06,3.80106e-08
0.318318,0.00971035,1.98433,0.741197,1000.13,8.79874e-12,1.15201e+06,3.79383e-08
0.319319,0.00969186,1.98456,0.741112,1000.13,8.79875e-12,1.15212e+06,3.78661e-08
0.32032,0.00967341,1.98478,0.741027,1000.13,8.79876e-12,1.15224e+06,3.7794e-08
0.321321,0.00965499,1.98501,0.740942,1000.13,8.79877e-12,1.15235e+06,3.77221e-08
0.322322,0.0096366,1.98524,0.740857,1000.13,8.79878e-12,1.15247e+06,3.76503e-08
0.323323,0.00961825,1.98547,0.740772,1000.13,8.79879e-12,1.15259e+06,3.75787e-08
0.324324,0.00959994,1.9857,0.740687,1000.13,8.79879e-12,1.1527e+06,3.75071e-08
0.325325,0.00958166,1.98593,0.740601,1000.13,8.7988e-12,1.15282e+06,3.74358e-08
0.326326,0.00956341,1.98616,0.740516,1000.13,8.79881e-12,1.15293e+06,3.73645e-08
0.327327,0.0095452,1.98639,0.74043,1000.13,8.79882e-12,1.15305e+06,3.72934e-08
0.328328,0.00952703,1.98662,0.740344,1000.13,8.79883e-12,1.15317e+06,3.72224e-08
0.329329,0.00950889,1.98685,0.740258,1000.13,8.79884e-12,1.15328e+06,3.71516e-08
0.33033,0.00949078,1.98708,0.740172,1000.13,8.79885e-12,1.1534e+06,3.70809e-08
0.331331,0.00947271,1.98731,0.740086,1000.13,8.79886e-12,1.15352e+06,3.70103e-08
0.332332,0.00945467,1.98754,0.74,1000.13,8.79887e-12,1.15364e+06,3.69399e-08
0.333333,0.00943667,1.98778,0.739914,1000.13,8.79888e-12,1.15375e+06,3.68696e-08
0.334334,0.0094187,1.98801,0.739827,1000.13,8.79888e-12,1.15387e+06,3.67994e-08
0.335335,0.00940076,1.98824,0.73974,1000.13,8.79889e-12,1.15399e+06,3.67294e-08
0.336336,0.00938286,1.98848,0.739654,1000.13,8.7989e-12,1.15411e+06,3.66595e-08
0.337337,0.009365,1.98871,0.739567,1000.13,8.79891e-12,1.15423e+06,3.65897e-08
0.338338,0.00934716,1.98895,0.73948,1000.13,8.79892e-12,1.15435e+06,3.65201e-08
0.339339,0.00932937,1.98918,0.739392,1000.13,8.79893e-12,1.15446e+06,3.64506e-08
0.34034,0.0093116,1.98942,0.739305,1000.13,8.79894e-12,1.15458e+06,3.63812e-08
0.341341,0.00929387,1.98965,0.739218,1000.13,8.79895e-12,1.1547e+06,3.6312e-08
0.342342,0.00927617,1.98989,0.73913,1000.13,8.79896e-12,1.15482e+06,3.62429e-08
0.343343,0.00925851,1.99012,0.739042,1000.13,8.79897e-12,1.15494e+06,3.61739e-08
0.344344,0.00924088,1.99036,0.738955,1000.13,8.79898e-12,1.15506e+06,3.6105e-08
0.345345,0.00922328,1.9906,0.738867,1000.13,8.79899e-12,1.15518e+06,3.60363e-08
0.346346,0.00920572,1.99084,0.738779,1000.14,8.79899e-12,1.1553e+06,3.59677e-08
0.347347,0.00918819,1.99107,0.73869,1000.14,8.799e-12,1.15542e+06,3.58993e-08
0.348348,0.0091707,1.99131,0.738602,1000.14,8.79901e-12,1.15554e+06,3.5831e-08
0.349349,0.00915323,1.99155,0.738514,1000.14,8.79902e-12,1.15567e+06,3.57628e-08
0.35035,0.0091358,1.99179,0.738425,1000.14,8.79903e-12,1.15579e+06,3.56947e-08
0.351351,0.00911841,1.99203,0.738336,1000.14,8.79904e-12,1.15591e+06,3.56268e-08
0.352352,0.00910104,1.99227,0.738247,1000.14,8.79905e-12,1.15603e+06,3.5559e-08
0.353353,0.00908371,1.99251,0.738158,1000.14,8.79906e-12,1.15615e+06,3.54913e-08
0.354354,0.00906642,1.99275,0.738069,1000.14,8.79907e-12,1.15627e+06,3.54238e-08
0.355355,0.00904915,1.99299,0.73798,1000.14,8.79908e-12,1.1564e+06,3.53564e-08
0.356356,0.00903192,1.99324,0.737891,1000.14,8.79909e-12,1.15652e+06,3.52891e-08
0.357357,0.00901472,1.99348,0.737801,1000.14,8.7991e-12,1.15664e+06,3.52219e-08
0.358358,0.00899756,1.99372,0.737712,1000.14,8.79911e-12,1.15676e+06,3.51549e-08
0.359359,0.00898042,1.99396,0.737622,1000.14,8.79912e-12,1.15689e+06,3.5088e-08
0.36036,0.00896332,1.99421,0.737532,1000.14,8.79913e-12,1.15701e+06,3.50212e-08
0.361361,0.00894625,1.99445,0.737442,1000.14,8.79914e-12,1.15713e+06,3.49545e-08
0.362362,0.00892922,1.9947,0.737352,1000.14,8.79914e-12,1.15726e+06,3.4888e-08
0.363363,0.00891222,1.99494,0.737262,1000.14,8.79915e-12,1.15738e+06,3.48216e-08
0.364364,0.00889524,1.99519,0.737171,1000.14,8.79916e-12,1.1575e+06,3.47554e-08
0.365365,0.00887831,1.99543,0.737081,1000.14,8.79917e-12,1.15763e+06,3.46892e-08
0.366366,0.0088614,1.99568,0.73699,1000.14,8.79918e-12,1.15775e+06,3.46232e-08
0.367367,0.00884453,1.99592,0.736899,1000.14,8.79919e-12,1.15788e+06,3.45573e-08
0.368368,0.00882768,1.99617,0.736808,1000.14,8.7992e-12,1.158e+06,3.44915e-08
0.369369,0.00881087,1.99642,0.736717,1000.14,8.79921e-12,1.15813e+06,3.44259e-08
0.37037,0.0087941,1.99666,0.736626,1000.14,8.79922e-12,1.15825e+06,3.43604e-08
0.371371,0.00877735,1.99691,0.736535,1000.14,8.79923e-12,1.15838e+06,3.4295e-08
0.372372,0.00876064,1.99716,0.736443,1000.14,8.79924e-12,1.1585e+06,3.42297e-08
0.373373,0.00874395,1.99741,0.736352,1000.14,8.79925e-12,1.15863e+06,3.41646e-08
0.374374,0.0087273,1.99766,0.73626,1000.14,8.79926e-12,1.15876e+06,3.40995e-08
0.375375,0.00871068,1.99791,0.736168,1000.14,8.79927e-12,1.15888e+06,3.40347e-08
0.376376,0.0086941,1.99816,0.736076,1000.14,8.79928e-12,1.15901e+06,3.39699e-08
0.377377,0.00867754,1.99841,0.735984,1000.14,8.79929e-12,1.15914e+06,3.39052e-08
0.378378,0.00866102,1.99866,0.735892,1000.14,8.7993e-12,1.15926e+06,3.38407e-08
0.379379,0.00864452,1.99891,0.7358,1000.14,8.79931e-12,1.15939e+06,3.37763e-08
0.38038,0.00862806,1.99916,0.735707,1000.14,8.79932e-12,1.15952e+06,3.3712e-08
0.381381,0.00861163,1.99942,0.735615,1000.14,8.79933e-12,1.15964e+06,3.36479e-08
0.382382,0.00859523,1.99967,0.735522,1000.14,8.79934e-12,1.15977e+06,3.35838e-08
0.383383,0.00857887,1.99992,0.735429,1000.14,8.79935e-12,1.1599e+06,3.35199e-08
0.384384,0.00856253,2.00017,0.735336,1000.14,8.79936e-12,1.16003e+06,3.34561e-08
0.385385,0.00854623,2.00043,0.735243,1000.14,8.79937e-12,1.16016e+06,3.33924e-08
0.386386,0.00852995,2.00068,0.735149,1000.14,8.79938e-12,1.16029e+06,3.33289e-08
0.387387,0.00851371,2.00094,0.735056,1000.14,8.79939e-12,1.16041e+06,3.32655e-08
0.388388,0.0084975,2.00119,0.734962,1000.14,8.7994e-12,1.16054e+06,3.32022e-08
0.389389,0.00848131,2.00145,0.734869,1000.15,8.79941e-12,1.16067e+06,3.3139e-08
0.39039,0.00846516,2.0017,0.734775,1000.15,8.79942e-12,1.1608e+06,3.30759e-08
0.391391,0.00844904,2.00196,0.734681,1000.15,8.79943e-12,1.16093e+06,3.30129e-08
0.392392,0.00843295,2.00222,0.734587,1000.15,8.79944e-12,1.16106e+06,3.29501e-08
0.393393,0.00841689,2.00247,0.734493,1000.15,8.79945e-12,1.16119e+06,3.28874e-08
0.394394,0.00840087,2.00273,0.734398,1000.15,8.79946e-12,1.16132e+06,3.28248e-08
0.395395,0.00838487,2.00299,0.734304,1000.15,8.79947e-12,1.16145e+06,3.27623e-08
0.396396,0.0083689,2.00325,0.734209,1000.15,8.79948e-12,1.16158e+06,3.27e-08
0.397397,0.00835297,2.00351,0.734114,1000.15,8.79949e-12,1.16172e+06,3.26378e-08
0.398398,0.00833706,2.00377,0.73402,1000.15,8.7995e-12,1.16185e+06,3.25756e-08
0.399399,0.00832118,2.00403,0.733925,1000.15,8.79951e-12,1.16198e+06,3.25137e-08
0.4004,0.00830534,2.00429,0.733829,1000.15,8.79952e-12,1.16211e+06,3.24518e-08
0.401401,0.00828952,2.00455,0.733734,1000.15,8.79953e-12,1.16224e+06,3.239e-08
0.402402,0.00827373,2.00481,0.733639,1000.15,8.79954e-12,1.16237e+06,3.23284e-08
0.403403,0.00825798,2.00507,0.733543,1000.15,8.79955e-12,1.16251e+06,3.22668e-08
0.404404,0.00824225,2.00533,0.733447,1000.15,8.79956e-12,1.16264e+06,3.22054e-08
0.405405,0.00822656,2.0056,0.733352,1000.15,8.79957e-12,1.16277e+06,3.21441e-08
0.406406,0.00821089,2.00586,0.733256,1000.15,8.79958e-12,1.1629e+06,3.2083e-08
0.407407,0.00819526,2.00612,0.73316,1000.15,8.79959e-12,1.16304e+06,3.20219e-08
0.408408,0.00817965,2.00639,0.733063,1000.15,8.7996e-12,1.16317e+06,3.1961e-08
0.409409,0.00816407,2.00665,0.732967,1000.15,8.79961e-12,1.1633e+06,3.19001e-08
0.41041,0.00814853,2.00692,0.73287,1000.15,8.79962e-12,1.16344e+06,3.18394e-08
0.411411,0.00813301,2.00718,0.732774,1000.15,8.79963e-12,1.16357e+06,3.17788e-08
0.412412,0.00811752,2.00745,0.732677,1000.15,8.79964e-12,1.16371e+06,3.17184e-08
0.413413,0.00810206,2.00771,0.73258,1000.15,8.79965e-12,1.16384e+06,3.1658e-08
0.414414,0.00808663,2.00798,0.732483,1000.15,8.79966e-12,1.16398e+06,3.15977e-08
0.415415,0.00807123,2.00825,0.732386,1000.15,8.79967e-12,1.16411e+06,3.15376e-08
0.416416,0.00805586,2.00851,0.732289,1000.15,8.79968e-12,1.16425e+06,3.14776e-08
0.417417,0.00804052,2.00878,0.732191,1000.15,8.79969e-12,1.16438e+06,3.14177e-08
0.418418,0.00802521,2.00905,0.732093,1000.15,8.7997e-12,1.16452e+06,3.13579e-08
0.419419,0.00800993,2.00932,0.731996,1000.15,8.79971e-12,1.16465e+06,3.12982e-08
0.42042,0.00799467,2.00959,0.731898,1000.15,8.79972e-12,1.16479e+06,3.12386e-08
0.421421,0.00797945,2.00986,0.7318,1000.15,8.79973e-12,1.16493e+06,3.11792e-08
0.422422,0.00796425,2.01013,0.731702,1000.15,8.79974e-12,1.16506e+06,3.11198e-08
0.423423,0.00794909,2.0104,0.731603,1000.15,8.79975e-12,1.1652e+06,3.10606e-08
0.424424,0.00793395,2.01067,0.731505,1000.15,8.79976e-12,1.16534e+06,3.10015e-08
0.425425,0.00791884,2.01094,0.731406,1000.15,8.79977e-12,1.16547e+06,3.09425e-08
0.426426,0.00790376,2.01121,0.731308,1000.15,8.79978e-12,1.16561e+06,3.08836e-08
0.427427,0.00788871,2.01148,0.731209,1000.15,8.79979e-12,1.16575e+06,3.08248e-08
0.428428,0.00787369,2.01176,0.73111,1000.15,8.7998e-12,1.16589e+06,3.07662e-08
0.429429,0.00785869,2.01203,0.731011,1000.16,8.79981e-12,1.16603e+06,3.07076e-08
0.43043,0.00784373,2.0123,0.730912,1000.16,8.79982e-12,1.16616e+06,3.06492e-08
0.431431,0.00782879,2.01258,0.730812,1000.16,8.79983e-12,1.1663e+06,3.05908e-08
0.432432,0.00781388,2.01285,0.730713,1000.16,8.79984e-12,1.16644e+06,3.05326e-08
0.433433,0.007799,2.01313,0.730613,1000.16,8.79986e-12,1.16658e+06,3.04745e-08
0.434434,0.00778415,2.0134,0.730513,1000.16,8.79987e-12,1.16672e+06,3.04165e-08
0.435435,0.00776932,2.01368,0.730413,1000.16,8.79988e-12,1.16686e+06,3.03586e-08
0.436436,0.00775453,2.01396,0.730313,1000.16,8.79989e-12,1.167e+06,3.03009e-08
0.437437,0.00773976,2.01423,0.730213,1000.16,8.7999e-12,1.16714e+06,3.02432e-08
0.438438,0.00772502,2.01451,0.730113,1000.16,8.79991e-12,1.16728e+06,3.01856e-08
0.439439,0.00771031,2.01479,0.730012,1000.16,8.79992e-12,1.16742e+06,3.01282e-08
0.44044,0.00769563,2.01507,0.729912,1000.16,8.79993e-12,1.16756e+06,3.00708e-08
0.441441,0.00768097,2.01535,0.729811,1000.16,8.79994e-12,1.1677e+06,3.00136e-08
0.442442,0.00766634,2.01562,0.72971,1000.16,8.79995e-12,1.16784e+06,2.99565e-08
0.443443,0.00765174,2.0159,0.729609,1000.16,8.79996e-12,1.16798e+06,2.98995e-08
0.444444,0.00763717,2.01618,0.729508,1000.16,8.79997e-12,1.16812e+06,2.98426e-08
0.445445,0.00762263,2.01646,0.729406,1000.16,8.79998e-12,1.16827e+06,2.97858e-08
0.446446,0.00760811,2.01675,0.729305,1000.16,8.79999e-12,1.16841e+06,2.97291e-08
0.447447,0.00759362,2.01703,0.729203,1000.16,8.8e-12,1.16855e+06,2.96725e-08
0.448448,0.00757916,2.01731,0.729102,1000.16,8.80001e-12,1.16869e+06,2.9616e-08
0.449449,0.00756473,2.01759,0.729,1000.16,8.80003e-12,1.16884e+06,2.95597e-08
0.45045,0.00755032,2.01787,0.728898,1000.16,8.80004e-12,1.16898e+06,2.95034e-08
0.451451,0.00753594,2.01816,0.728795,1000.16,8.80005e-12,1.16912e+06,2.94473e-08
0.452452,0.00752159,2.01844,0.728693,1000.16,8.80006e-12,1.16927e+06,2.93912e-08
0.453453,0.00750727,2.01873,0.728591,1000.16,8.80007e-12,1.16941e+06,2.93353e-08
0.454454,0.00749297,2.01901,0.728488,1000.16,8.80008e-12,1.16955e+06,2.92795e-08
0.455455,0.0074787,2.0193,0.728385,1000.16,8.80009e-12,1.1697e+06,2.92237e-08
0.456456,0.00746446,2.01958,0.728283,1000.16,8.8001e-12,1.16984e+06,2.91681e-08
0.457457,0.00745024,2.01987,0.728179,1000.16,8.80011e-12,1.16999e+06,2.91126e-08
0.458458,0.00743605,2.02016,0.728076,1000.16,8.80012e-12,1.17013e+06,2.90572e-08
0.459459,0.00742189,2.02044,0.727973,1000.16,8.80013e-12,1.17028e+06,2.90019e-08
0.46046,0.00740776,2.02073,0.72787,1000.16,8.80014e-12,1.17042e+06,2.89467e-08
0.461461,0.00739365,2.02102,0.727766,1000.16,8.80016e-12,1.17057e+06,2.88916e-08
0.462462,0.00737957,2.02131,0.727662,1000.16,8.80017e-12,1.17071e+06,2.88366e-08
0.463463,0.00736551,2.0216,0.727558,1000.16,8.80018e-12,1.17086e+06,2.87817e-08
0.464464,0.00735149,2.02189,0.727454,1000.16,8.80019e-12,1.17101e+06,2.8727e-08
0.465465,0.00733749,2.02218,0.72735,1000.16,8.8002e-12,1.17115e+06,2.86723e-08
0.466466,0.00732351,2.02247,0.727246,1000.16,8.80021e-12,1.1713e+06,2.86177e-08
0.467467,0.00730957,2.02276,0.727142,1000.16,8.80022e-12,1.17145e+06,2.85632e-08
0.468468,0.00729564,2.02305,0.727037,1000.17,8.80023e-12,1.17159e+06,2.85089e-08
0.469469,0.00728175,2.02334,0.726932,1000.17,8.80024e-12,1.17174e+06,2.84546e-08
0.47047,0.00726788,2.02363,0.726827,1000.17,8.80025e-12,1.17189e+06,2.84005e-08
0.471471,0.00725404,2.02393,0.726722,1000.17,8.80027e-12,1.17204e+06,2.83464e-08
0.472472,0.00724023,2.02422,0.726617,1000.17,8.80028e-12,1.17219e+06,2.82925e-08
0.473473,0.00722644,2.02451,0.726512,1000.17,8.80029e-12,1.17233e+06,2.82386e-08
0.474474,0.00721267,2.02481,0.726407,1000.17,8.8003e-12,1.17248e+06,2.81849e-08
0.475475,0.00719894,2.0251,0.726301,1000.17,8.80031e-12,1.17263e+06,2.81312e-08
0.476476,0.00718523,2.0254,0.726195,1000.17,8.80032e-12,1.17278e+06,2.80777e-08
0.477477,0.00717154,2.02569,0.726089,1000.17,8.80033e-12,1.17293e+06,2.80243e-08
0.478478,0.00715789,2.02599,0.725983,1000.17,8.80034e-12,1.17308e+06,2.79709e-08
0.479479,0.00714425,2.02629,0.725877,1000.17,8.80035e-12,1.17323e+06,2.79177e-08
0.48048,0.00713065,2.02658,0.725771,1000.17,8.80037e-12,1.17338e+06,2.78646e-08
0.481481,0.00711707,2.02688,0.725665,1000.17,8.80038e-12,1.17353e+06,2.78115e-08
0.482482,0.00710351,2.02718,0.725558,1000.17,8.80039e-12,1.17368e+06,2.77586e-08
0.483483,0.00708999,2.02748,0.725451,1000.17,8.8004e-12,1.17383e+06,2.77058e-08
0.484484,0.00707648,2.02778,0.725344,1000.17,8.80041e-12,1.17398e+06,2.7653e-08
0.485485,0.00706301,2.02808,0.725237,1000.17,8.80042e-12,1.17414e+06,2.76004e-08
0.486486,0.00704955,2.02838,0.72513,1000.17,8.80043e-12,1.17429e+06,2.75479e-08
0.487487,0.00703613,2.02868,0.725023,1000.17,8.80044e-12,1.17444e+06,2.74955e-08
0.488488,0.00702273,2.02898,0.724916,1000.17,8.80046e-12,1.17459e+06,2.74431e-08
0.489489,0.00700935,2.02928,0.724808,1000.17,8.80047e-12,1.17474e+06,2.73909e-08
0.49049,0.006996,2.02958,0.7247,1000.17,8.80048e-12,1.1749e+06,2.73388e-08
0.491491,0.00698268,2.02989,0.724592,1000.17,8.80049e-12,1.17505e+06,2.72867e-08
0.492492,0.00696938,2.03019,0.724484,1000.17,8.8005e-12,1.1752e+06,2.72348e-08
0.493493,0.00695611,2.03049,0.724376,1000.17,8.80051e-12,1.17536e+06,2.7183e-08
0.494494,0.00694286,2.0308,0.724268,1000.17,8.80052e-12,1.17551e+06,2.71312e-08
0.495495,0.00692964,2.0311,0.724159,1000.17,8.80054e-12,1.17566e+06,2.70796e-08
0.496496,0.00691644,2.03141,0.724051,1000.17,8.80055e-12,1.17582e+06,2.70281e-08
0.497497,0.00690327,2.03171,0.723942,1000.17,8.80056e-12,1.17597e+06,2.69766e-08
0.498498,0.00689012,2.03202,0.723833,1000.17,8.80057e-12,1.17613e+06,2.69253e-08
0.499499,0.006877,2.03233,0.723724,1000.17,8.80058e-12,1.17628e+06,2.6874e-08
0.500501,0.0068639,2.03263,0.723615,1000.17,8.80059e-12,1.17644e+06,2.68229e-08
0.501502,0.00685083,2.03294,0.723506,1000.17,8.80061e-12,1.17659e+06,2.67718e-08
0.502503,0.00683778,2.03325,0.723396,1000.17,8.80062e-12,1.17675e+06,2.67209e-08
0.503504,0.00682476,2.03356,0.723286,1000.17,8.80063e-12,1.1769e+06,2.667e-08
0.504505,0.00681176,2.03387,0.723177,1000.18,8.80064e-12,1.17706e+06,2.66193e-08
0.505506,0.00679879,2.03418,0.723067,1000.18,8.80065e-12,1.17722e+06,2.65686e-08
0.506507,0.00678584,2.03449,0.722957,1000.18,8.80066e-12,1.17737e+06,2.6518e-08
0.507508,0.00677291,2.0348,0.722847,1000.18,8.80067e-12,1.17753e+06,2.64676e-08
0.508509,0.00676001,2.03511,0.722736,1000.18,8.80069e-12,1.17769e+06,2.64172e-08
0.50951,0.00674714,2.03542,0.722626,1000.18,8.8007e-12,1.17784e+06,2.63669e-08
0.510511,0.00673429,2.03573,0.722515,1000.18,8.80071e-12,1.178e+06,2.63167e-08
0.511512,0.00672146,2.03605,0.722404,1000.18,8.80072e-12,1.17816e+06,2.62666e-08
0.512513,0.00670866,2.03636,0.722293,1000.18,8.80073e-12,1.17832e+06,2.62167e-08
0.513514,0.00669588,2.03667,0.722182,1000.18,8.80074e-12,1.17848e+06,2.61668e-08
0.514515,0.00668313,2.03699,0.722071,1000.18,8.80076e-12,1.17864e+06,2.6117e-08
0.515516,0.0066704,2.0373,0.72196,1000.18,8.80077e-12,1.17879e+06,2.60673e-08
0.516517,0.0066577,2.03762,0.721848,1000.18,8.80078e-12,1.17895e+06,2.60176e-08
0.517518,0.00664502,2.03793,0.721736,1000.18,8.80079e-12,1.17911e+06,2.59681e-08
0.518519,0.00663236,2.03825,0.721625,1000.18,8.8008e-12,1.17927e+06,2.59187e-08
0.51952,0.00661973,2.03857,0.721513,1000.18,8.80082e-12,1.17943e+06,2.58694e-08
0.520521,0.00660712,2.03888,0.7214,1000.18,8.80083e-12,1.17959e+06,2.58201e-08
0.521522,0.00659454,2.0392,0.721288,1000.18,8.80084e-12,1.17975e+06,2.5771e-08
0.522523,0.00658198,2.03952,0.721176,1000.18,8.80085e-12,1.17991e+06,2.57219e-08
0.523524,0.00656944,2.03984,0.721063,1000.18,8.80086e-12,1.18008e+06,2.5673e-08
0.524525,0.00655693,2.04016,0.72095,1000.18,8.80088e-12,1.18024e+06,2.56241e-08
0.525526,0.00654444,2.04048,0.720838,1000.18,8.80089e-12,1.1804e+06,2.55754e-08
0.526527,0.00653198,2.0408,0.720725,1000.18,8.8009e-12,1.18056e+06,2.55267e-08
0.527528,0.00651954,2.04112,0.720611,1000.18,8.80091e-12,1.18072e+06,2.54781e-08
0.528529,0.00650712,2.04144,0.720498,1000.18,8.80092e-12,1.18088e+06,2.54296e-08
0.52953,0.00649473,2.04176,0.720385,1000.18,8.80093e-12,1.18105e+06,2.53812e-08
0.530531,0.00648236,2.04209,0.720271,1000.18,8.80095e-12,1.18121e+06,2.53329e-08
0.531532,0.00647001,2.04241,0.720157,1000.18,8.80096e-12,1.18137e+06,2.52847e-08
0.532533,0.00645769,2.04273,0.720043,1000.18,8.80097e-12,1.18154e+06,2.52366e-08
0.533534,0.00644539,2.04306,0.719929,1000.18,8.80098e-12,1.1817e+06,2.51885e-08
0.534535,0.00643311,2.04338,0.719815,1000.18,8.801e-12,1.18186e+06,2.51406e-08
0.535536,0.00642086,2.04371,0.719701,1000.18,8.80101e-12,1.18203e+06,2.50927e-08
0.536537,0.00640863,2.04403,0.719586,1000.18,8.80102e-12,1.18219e+06,2.5045e-08
0.537538,0.00639643,2.04436,0.719472,1000.18,8.80103e-12,1.18236e+06,2.49973e-08
0.538539,0.00638424,2.04469,0.719357,1000.18,8.80104e-12,1.18252e+06,2.49497e-08
0.53954,0.00637208,2.04502,0.719242,1000.19,8.80106e-12,1.18269e+06,2.49023e-08
0.540541,0.00635995,2.04534,0.719127,1000.19,8.80107e-12,1.18285e+06,2.48549e-08
0.541542,0.00634783,2.04567,0.719012,1000.19,8.80108e-12,1.18302e+06,2.48076e-08
0.542543,0.00633574,2.046,0.718896,1000.19,8.80109e-12,1.18318e+06,2.47603e-08
0.543544,0.00632368,2.04633,0.718781,1000.19,8.8011e-12,1.18335e+06,2.47132e-08
0.544545,0.00631163,2.04666,0.718665,1000.19,8.80112e-12,1.18352e+06,2.46662e-08
0.545546,0.00629961,2.04699,0.718549,1000.19,8.80113e-12,1.18368e+06,2.46192e-08
0.546547,0.00628761,2.04732,0.718433,1000.19,8.80114e-12,1.18385e+06,2.45724e-08
0.547548,0.00627564,2.04765,0.718317,1000.19,8.80115e-12,1.18402e+06,2.45256e-08
0.548549,0.00626368,2.04799,0.718201,1000.19,8.80117e-12,1.18419e+06,2.44789e-08
0.54955,0.00625175,2.04832,0.718084,1000.19,8.80118e-12,1.18435e+06,2.44323e-08
0.550551,0.00623984,2.04865,0.717968,1000.19,8.80119e-12,1.18452e+06,2.43858e-08
0.551552,0.00622796,2.04899,0.717851,1000.19,8.8012e-12,1.18469e+06,2.43394e-08
0.552553,0.0062161,2.04932,0.717734,1000.19,8.80122e-12,1.18486e+06,2.42931e-08
0.553554,0.00620426,2.04965,0.717617,1000.19,8.80123e-12,1.18503e+06,2.42469e-08
0.554555,0.00619244,2.04999,0.7175,1000.19,8.80124e-12,1.1852e+06,2.42007e-08
0.555556,0.00618065,2.05033,0.717382,1000.19,8.80125e-12,1.18537e+06,2.41547e-08
0.556557,0.00616887,2.05066,0.717265,1000.19,8.80126e-12,1.18554e+06,2.41087e-08
0.557558,0.00615713,2.051,0.717147,1000.19,8.80128e-12,1.18571e+06,2.40628e-08
0.558559,0.0061454,2.05134,0.717029,1000.19,8.80129e-12,1.18588e+06,2.4017e-08
0.55956,0.00613369,2.05168,0.716911,1000.19,8.8013e-12,1.18605e+06,2.39713e-08
0.560561,0.00612201,2.05201,0.716793,1000.19,8.80131e-12,1.18622e+06,2.39257e-08
0.561562,0.00611035,2.05235,0.716675,1000.19,8.80133e-12,1.18639e+06,2.38801e-08
0.562563,0.00609871,2.05269,0.716556,1000.19,8.80134e-12,1.18656e+06,2.38347e-08
0.563564,0.00608709,2.05303,0.716438,1000.19,8.80135e-12,1.18673e+06,2.37893e-08
0.564565,0.0060755,2.05337,0.716319,1000.19,8.80136e-12,1.18691e+06,2.3744e-08
0.565566,0.00606393,2.05372,0.7162,1000.19,8.80138e-12,1.18708e+06,2.36989e-08
0.566567,0.00605238,2.05406,0.716081,1000.19,8.80139e-12,1.18725e+06,2.36537e-08
0.567568,0.00604085,2.0544,0.715962,1000.19,8.8014e-12,1.18742e+06,2.36087e-08
0.568569,0.00602934,2.05474,0.715843,1000.19,8.80142e-12,1.1876e+06,2.35638e-08
0.56957,0.00601786,2.05509,0.715723,1000.19,8.80143e-12,1.18777e+06,2.35189e-08
0.570571,0.0060064,2.05543,0.715604,1000.19,8.80144e-12,1.18794e+06,2.34742e-08
0.571572,0.00599496,2.05578,0.715484,1000.19,8.80145e-12,1.18812e+06,2.34295e-08
0.572573,0.00598354,2.05612,0.715364,1000.2,8.80147e-12,1.18829e+06,2.33849e-08
0.573574,0.00597214,2.05647,0.715244,1000.2,8.80148e-12,1.18847e+06,2.33404e-08
0.574575,0.00596077,2.05681,0.715123,1000.2,8.80149e-12,1.18864e+06,2.3296e-08
0.575576,0.00594941,2.05716,0.715003,1000.2,8.8015e-12,1.18882e+06,2.32516e-08
0.576577,0.00593808,2.05751,0.714882,1000.2,8.80152e-12,1.18899e+06,2.32074e-08
0.577578,0.00592677,2.05786,0.714762,1000.2,8.80153e-12,1.18917e+06,2.31632e-08
0.578579,0.00591548,2.05821,0.714641,1000.2,8.80154e-12,1.18934e+06,2.31191e-08
0.57958,0.00590421,2.05855,0.71452,1000.2,8.80156e-12,1.18952e+06,2.30751e-08
0.580581,0.00589297,2.0589,0.714399,1000.2,8.80157e-12,1.18969e+06,2.30312e-08
0.581582,0.00588174,2.05925,0.714277,1000.2,8.80158e-12,1.18987e+06,2.29874e-08
0.582583,0.00587054,2.05961,0.714156,1000.2,8.80159e-12,1.19005e+06,2.29436e-08
0.583584,0.00585936,2.05996,0.714034,1000.2,8.80161e-12,1.19023e+06,2.29e-08
0.584585,0.0058482,2.06031,0.713912,1000.2,8.80162e-12,1.1904e+06,2.28564e-08
0.585586,0.00583706,2.06066,0.713791,1000.2,8.80163e-12,1.19058e+06,2.28129e-08
0.586587,0.00582594,2.06102,0.713668,1000.2,8.80165e-12,1.19076e+06,2.27695e-08
0.587588,0.00581484,2.06137,0.713546,1000.2,8.80166e-12,1.19094e+06,2.27261e-08
0.588589,0.00580377,2.06172,0.713424,1000.2,8.80167e-12,1.19112e+06,2.26829e-08
0.58959,0.00579271,2.06208,0.713301,1000.2,8.80168e-12,1.1913e+06,2.26397e-08
0.590591,0.00578168,2.06243,0.713178,1000.2,8.8017e-12,1.19147e+06,2.25966e-08
0.591592,0.00577067,2.06279,0.713056,1000.2,8.80171e-12,1.19165e+06,2.25536e-08
0.592593,0.00575967,2.06315,0.712933,1000.2,8.80172e-12,1.19183e+06,2.25107e-08
0.593594,0.0057487,2.0635,0.712809,1000.2,8.80174e-12,1.19201e+06,2.24678e-08
0.594595,0.00573775,2.06386,0.712686,1000.2,8.80175e-12,1.19219e+06,2.24251e-08
0.595596,0.00572682,2.06422,0.712563,1000.2,8.80176e-12,1.19238e+06,2.23824e-08
0.596597,0.00571592,2.06458,0.712439,1000.2,8.80178e-12,1.19256e+06,2.23398e-08
0.597598,0.00570503,2.06494,0.712315,1000.2,8.80179e-12,1.19274e+06,2.22973e-08
0.598599,0.00569416,2.0653,0.712191,1000.2,8.8018e-12,1.19292e+06,2.22548e-08
0.5996,0.00568332,2.06566,0.712067,1000.2,8.80181e-12,1.1931e+06,2.22125e-08
0.600601,0.00567249,2.06602,0.711943,1000.2,8.80183e-12,1.19328e+06,2.21702e-08
0.601602,0.00566169,2.06638,0.711818,1000.2,8.80184e-12,1.19347e+06,2.2128e-08
0.602603,0.0056509,2.06674,0.711694,1000.2,8.80185e-12,1.19365e+06,2.20859e-08
0.603604,0.00564014,2.06711,0.711569,1000.2,8.80187e-12,1.19383e+06,2.20438e-08
0.604605,0.00562939,2.06747,0.711444,1000.21,8.80188e-12,1.19401e+06,2.20019e-08
0.605606,0.00561867,2.06783,0.711319,1000.21,8.80189e-12,1.1942e+06,2.196e-08
0.606607,0.00560797,2.0682,0.711194,1000.21,8.80191e-12,1.19438e+06,2.19182e-08
0.607608,0.00559729,2.06856,0.711069,1000.21,8.80192e-12,1.19457e+06,2.18765e-08
0.608609,0.00558662,2.06893,0.710943,1000.21,8.80193e-12,1.19475e+06,2.18348e-08
0.60961,0.00557598,2.0693,0.710817,1000.21,8.80195e-12,1.19493e+06,2.17933e-08
0.610611,0.00556536,2.06966,0.710692,1000.21,8.80196e-12,1.19512e+06,2.17518e-08
0.611612,0.00555476,2.07003,0.710566,1000.21,8.80197e-12,1.19531e+06,2.17104e-08
0.612613,0.00554418,2.0704,0.710439,1000.21,8.80199e-12,1.19549e+06,2.16691e-08
0.613614,0.00553362,2.07077,0.710313,1000.21,8.802e-12,1.19568e+06,2.16278e-08
0.614615,0.00552308,2.07114,0.710187,1000.21,8.80201e-12,1.19586e+06,2.15867e-08
0.615616,0.00551256,2.07151,0.71006,1000.21,8.80203e-12,1.19605e+06,2.15456e-08
0.616617,0.00550206,2.07188,0.709933,1000.21,8.80204e-12,1.19624e+06,2.15046e-08
0.617618,0.00549158,2.07225,0.709806,1000.21,8.80205e-12,1.19642e+06,2.14637e-08
0.618619,0.00548112,2.07262,0.709679,1000.21,8.80207e-12,1.19661e+06,2.14228e-08
0.61962,0.00547068,2.07299,0.709552,1000.21,8.80208e-12,1.1968e+06,2.1382e-08
0.620621,0.00546025,2.07337,0.709425,1000.21,8.80209e-12,1.19699e+06,2.13413e-08
0.621622,0.00544985,2.07374,0.709297,1000.21,8.80211e-12,1.19717e+06,2.13007e-08
0.622623,0.00543947,2.07411,0.709169,1000.21,8.80212e-12,1.19736e+06,2.12602e-08
0.623624,0.00542911,2.07449,0.709042,1000.21,8.80214e-12,1.19755e+06,2.12197e-08
0.624625,0.00541877,2.07486,0.708914,1000.21,8.80215e-12,1.19774e+06,2.11793e-08
0.625626,0.00540845,2.07524,0.708785,1000.21,8.80216e-12,1.19793e+06,2.1139e-08
0.626627,0.00539814,2.07562,0.708657,1000.21,8.80218e-12,1.19812e+06,2.10988e-08
0.627628,0.00538786,2.07599,0.708529,1000.21,8.80219e-12,1.19831e+06,2.10586e-08
0.628629,0.0053776,2.07637,0.7084,1000.21,8.8022e-12,1.1985e+06,2.10185e-08
0.62963,0.00536736,2.07675,0.708271,1000.21,8.80222e-12,1.19869e+06,2.09785e-08
0.630631,0.00535713,2.07713,0.708142,1000.21,8.80223e-12,1.19888e+06,2.09386e-08
0.631632,0.00534693,2.07751,0.708013,1000.21,8.80224e-12,1.19907e+06,2.08987e-08
0.632633,0.00533674,2.07789,0.707884,1000.21,8.80226e-12,1.19926e+06,2.0859e-08
0.633634,0.00532657,2.07827,0.707754,1000.21,8.80227e-12,1.19946e+06,2.08193e-08
0.634635,0.00531643,2.07865,0.707625,1000.21,8.80229e-12,1.19965e+06,2.07796e-08
0.635636,0.0053063,2.07903,0.707495,1000.22,8.8023e-12,1.19984e+06,2.07401e-08
0.636637,0.00529619,2.07941,0.707365,1000.22,8.80231e-12,1.20003e+06,2.07006e-08
0.637638,0.0052861,2.0798,0.707235,1000.22,8.80233e-12,1.20023e+06,2.06612e-08
0.638639,0.00527603,2.08018,0.707105,1000.22,8.80234e-12,1.20042e+06,2.06219e-08
0.63964,0.00526598,2.08057,0.706974,1000.22,8.80235e-12,1.20061e+06,2.05826e-08
0.640641,0.00525595,2.08095,0.706844,1000.22,8.80237e-12,1.20081e+06,2.05435e-08
0.641642,0.00524594,2.08134,0.706713,1000.22,8.80238e-12,1.201e+06,2.05044e-08
0.642643,0.00523595,2.08172,0.706582,1000.22,8.8024e-12,1.2012e+06,2.04653e-08
0.643644,0.00522597,2.08211,0.706451,1000.22,8.80241e-12,1.20139e+06,2.04264e-08
0.644645,0.00521602,2.0825,0.70632,1000.22,8.80242e-12,1.20159e+06,2.03875e-08
0.645646,0.00520608,2.08288,0.706189,1000.22,8.80244e-12,1.20178e+06,2.03487e-08
0.646647,0.00519617,2.08327,0.706057,1000.22,8.80245e-12,1.20198e+06,2.031e-08
0.647648,0.00518627,2.08366,0.705925,1000.22,8.80247e-12,1.20217e+06,2.02713e-08
0.648649,0.00517639,2.08405,0.705794,1000.22,8.80248e-12,1.20237e+06,2.02327e-08
0.64965,0.00516653,2.08444,0.705662,1000.22,8.80249e-12,1.20257e+06,2.01942e-08
0.650651,0.00515669,2.08483,0.70553,1000.22,8.80251e-12,1.20276e+06,2.01558e-08
0.651652,0.00514686,2.08523,0.705397,1000.22,8.80252e-12,1.20296e+06,2.01174e-08
0.652653,0.00513706,2.08562,0.705265,1000.22,8.80254e-12,1.20316e+06,2.00791e-08
0.653654,0.00512727,2.08601,0.705132,1000.22,8.80255e-12,1.20336e+06,2.00409e-08
0.654655,0.0051175,2.0864,0.704999,1000.22,8.80256e-12,1.20355e+06,2.00028e-08
0.655656,0.00510776,2.0868,0.704866,1000.22,8.80258e-12,1.20375e+06,1.99647e-08
0.656657,0.00509803,2.08719,0.704733,1000.22,8.80259e-12,1.20395e+06,1.99267e-08
0.657658,0.00508831,2.08759,0.7046,1000.22,8.80261e-12,1.20415e+06,1.98888e-08
0.658659,0.00507862,2.08799,0.704467,1000.22,8.80262e-12,1.20435e+06,1.98509e-08
0.65966,0.00506895,2.08838,0.704333,1000.22,8.80263e-12,1.20455e+06,1.98131e-08
0.660661,0.00505929,2.08878,0.704199,1000.22,8.80265e-12,1.20475e+06,1.97754e-08
0.661662,0.00504965,2.08918,0.704066,1000.22,8.80266e-12,1.20495e+06,1.97378e-08
0.662663,0.00504003,2.08958,0.703931,1000.22,8.80268e-12,1.20515e+06,1.97002e-08
0.663664,0.00503043,2.08997,0.703797,1000.22,8.80269e-12,1.20535e+06,1.96627e-08
0.664665,0.00502085,2.09037,0.703663,1000.22,8.80271e-12,1.20555e+06,1.96253e-08
0.665666,0.00501128,2.09078,0.703528,1000.23,8.80272e-12,1.20576e+06,1.95879e-08
0.666667,0.00500174,2.09118,0.703394,1000.23,8.80273e-12,1.20596e+06,1.95507e-08
0.667668,0.00499221,2.09158,0.703259,1000.23,8.80275e-12,1.20616e+06,1.95134e-08
0.668669,0.0049827,2.09198,0.703124,1000.23,8.80276e-12,1.20636e+06,1.94763e-08
0.66967,0.00497321,2.09238,0.702989,1000.23,8.80278e-12,1.20657e+06,1.94392e-08
0.670671,0.00496373,2.09279,0.702853,1000.23,8.80279e-12,1.20677e+06,1.94022e-08
0.671672,0.00495428,2.09319,0.702718,1000.23,8.80281e-12,1.20697e+06,1.93653e-08
0.672673,0.00494484,2.0936,0.702582,1000.23,8.80282e-12,1.20718e+06,1.93284e-08
0.673674,0.00493542,2.094,0.702446,1000.23,8.80283e-12,1.20738e+06,1.92916e-08
0.674675,0.00492602,2.09441,0.70231,1000.23,8.80285e-12,1.20758e+06,1.92549e-08
0.675676,0.00491663,2.09481,0.702174,1000.23,8.80286e-12,1.20779e+06,1.92183e-08
0.676677,0.00490727,2.09522,0.702038,1000.23,8.80288e-12,1.20799e+06,1.91817e-08
0.677678,0.00489792,2.09563,0.701901,1000.23,8.80289e-12,1.2082e+06,1.91452e-08
0.678679,0.00488859,2.09604,0.701765,1000.23,8.80291e-12,1.20841e+06,1.91087e-08
0.67968,0.00487927,2.09645,0.701628,1000.23,8.80292e-12,1.20861e+06,1.90724e-08
0.680681,0.00486998,2.09686,0.701491,1000.23,8.80294e-12,1.20882e+06,1.90361e-08
0.681682,0.0048607,2.09727,0.701354,1000.23,8.80295e-12,1.20902e+06,1.89998e-08
0.682683,0.00485144,2.09768,0.701217,1000.23,8.80297e-12,1.20923e+06,1.89637e-08
0.683684,0.0048422,2.09809,0.701079,1000.23,8.80298e-12,1.20944e+06,1.89276e-08
0.684685,0.00483298,2.0985,0.700942,1000.23,8.80299e-12,1.20965e+06,1.88916e-08
0.685686,0.00482377,2.09892,0.700804,1000.23,8.80301e-12,1.20985e+06,1.88556e-08
0.686687,0.00481458,2.09933,0.700666,1000.23,8.80302e-12,1.21006e+06,1.88197e-08
0.687688,0.00480541,2.09975,0.700528,1000.23,8.80304e-12,1.21027e+06,1.87839e-08
0.688689,0.00479625,2.10016,0.70039,1000.23,8.80305e-12,1.21048e+06,1.87481e-08
0.68969,0.00478712,2.10058,0.700251,1000.23,8.80307e-12,1.21069e+06,1.87125e-08
0.690691,0.004778,2.10099,0.700113,1000.23,8.80308e-12,1.2109e+06,1.86768e-08
0.691692,0.00476889,2.10141,0.699974,1000.23,8.8031e-12,1.21111e+06,1.86413e-08
0.692693,0.00475981,2.10183,0.699835,1000.23,8.80311e-12,1.21132e+06,1.86058e-08
0.693694,0.00475074,2.10225,0.699696,1000.24,8.80313e-12,1.21153e+06,1.85704e-08
0.694695,0.00474169,2.10267,0.699557,1000.24,8.80314e-12,1.21174e+06,1.8535e-08
0.695696,0.00473266,2.10309,0.699417,1000.24,8.80316e-12,1.21195e+06,1.84998e-08
0.696697,0.00472364,2.10351,0.699278,1000.24,8.80317e-12,1.21216e+06,1.84645e-08
0.697698,0.00471464,2.10393,0.699138,1000.24,8.80319e-12,1.21238e+06,1.84294e-08
0.698699,0.00470566,2.10435,0.698998,1000.24,8.8032e-12,1.21259e+06,1.83943e-08
0.6997,0.00469669,2.10477,0.698858,1000.24,8.80322e-12,1.2128e+06,1.83593e-08
0.700701,0.00468775,2.10519,0.698718,1000.24,8.80323e-12,1.21301e+06,1.83244e-08
0.701702,0.00467882,2.10562,0.698578,1000.24,8.80325e-12,1.21323e+06,1.82895e-08
0.702703,0.0046699,2.10604,0.698437,1000.24,8.80326e-12,1.21344e+06,1.82547e-08
0.703704,0.00466101,2.10647,0.698297,1000.24,8.80328e-12,1.21365e+06,1.82199e-08
0.704705,0.00465213,2.10689,0.698156,1000.24,8.80329e-12,1.21387e+06,1.81853e-08
0.705706,0.00464326,2.10732,0.698015,1000.24,8.80331e-12,1.21408e+06,1.81506e-08
0.706707,0.00463442,2.10775,0.697874,1000.24,8.80332e-12,1.2143e+06,1.81161e-08
0.707708,0.00462559,2.10817,0.697732,1000.24,8.80334e-12,1.21451e+06,1.80816e-08
0.708709,0.00461678,2.1086,0.697591,1000.24,8.80335e-12,1.21473e+06,1.80472e-08
0.70971,0.00460798,2.10903,0.697449,1000.24,8.80337e-12,1.21494e+06,1.80128e-08
0.710711,0.0045992,2.10946,0.697307,1000.24,8.80338e-12,1.21516e+06,1.79786e-08
0.711712,0.00459044,2.10989,0.697165,1000.24,8.8034e-12,1.21538e+06,1.79443e-08
0.712713,0.00458169,2.11032,0.697023,1000.24,8.80341e-12,1.21559e+06,1.79102e-08
0.713714,0.00457297,2.11075,0.696881,1000.24,8.80343e-12,1.21581e+06,1.78761e-08
0.714715,0.00456425,2.11119,0.696739,1000.24,8.80344e-12,1.21603e+06,1.78421e-08
0.715716,0.00455556,2.11162,0.696596,1000.24,8.80346e-12,1.21625e+06,1.78081e-08
0.716717,0.00454688,2.11205,0.696453,1000.24,8.80347e-12,1.21646e+06,1.77742e-08
0.717718,0.00453822,2.11249,0.69631,1000.24,8.80349e-12,1.21668e+06,1.77404e-08
0.718719,0.00452957,2.11292,0.696167,1000.24,8.8035e-12,1.2169e+06,1.77066e-08
0.71972,0.00452094,2.11336,0.696024,1000.24,8.80352e-12,1.21712e+06,1.76729e-08
0.720721,0.00451233,2.11379,0.69588,1000.24,8.80353e-12,1.21734e+06,1.76393e-08
0.721722,0.00450373,2.11423,0.695737,1000.25,8.80355e-12,1.21756e+06,1.76057e-08
0.722723,0.00449515,2.11467,0.695593,1000.25,8.80356e-12,1.21778e+06,1.75722e-08
0.723724,0.00448659,2.11511,0.695449,1000.25,8.80358e-12,1.218e+06,1.75387e-08
0.724725,0.00447804,2.11555,0.695305,1000.25,8.80359e-12,1.21822e+06,1.75053e-08
0.725726,0.00446951,2.11599,0.695161,1000.25,8.80361e-12,1.21844e+06,1.7472e-08
0.726727,0.00446099,2.11643,0.695016,1000.25,8.80362e-12,1.21866e+06,1.74388e-08
0.727728,0.00445249,2.11687,0.694872,1000.25,8.80364e-12,1.21889e+06,1.74056e-08
0.728729,0.00444401,2.11731,0.694727,1000.25,8.80365e-12,1.21911e+06,1.73724e-08
0.72973,0.00443554,2.11775,0.694582,1000.25,8.80367e-12,1.21933e+06,1.73394e-08
0.730731,0.00442709,2.1182,0.694437,1000.25,8.80369e-12,1.21955e+06,1.73064e-08
0.731732,0.00441866,2.11864,0.694292,1000.25,8.8037e-12,1.21978e+06,1.72734e-08
0.732733,0.00441024,2.11908,0.694146,1000.25,8.80372e-12,1.22e+06,1.72405e-08
0.733734,0.00440184,2.11953,0.694001,1000.25,8.80373e-12,1.22022e+06,1.72077e-08
0.734735,0.00439345,2.11998,0.693855,1000.25,8.80375e-12,1.22045e+06,1.7175e-08
0.735736,0.00438508,2.12042,0.693709,1000.25,8.80376e-12,1.22067e+06,1.71423e-08
0.736737,0.00437673,2.12087,0.693563,1000.25,8.80378e-12,1.2209e+06,1.71097e-08
0.737738,0.00436839,2.12132,0.693417,1000.25,8.80379e-12,1.22112e+06,1.70771e-08
0.738739,0.00436006,2.12177,0.693271,1000.25,8.80381e-12,1.22135e+06,1.70446e-08
0.73974,0.00435176,2.12222,0.693124,1000.25,8.80382e-12,1.22157e+06,1.70121e-08
0.740741,0.00434347,2.12267,0.692977,1000.25,8.80384e-12,1.2218e+06,1.69798e-08
0.741742,0.00433519,2.12312,0.69283,1000.25,8.80386e-12,1.22203e+06,1.69474e-08
0.742743,0.00432693,2.12357,0.692683,1000.25,8.80387e-12,1.22225e+06,1.69152e-08
0.743744,0.00431869,2.12402,0.692536,1000.25,8.80389e-12,1.22248e+06,1.6883e-08
0.744745,0.00431046,2.12447,0.692389,1000.25,8.8039e-12,1.22271e+06,1.68508e-08
0.745746,0.00430225,2.12493,0.692241,1000.25,8.80392e-12,1.22294e+06,1.68188e-08
0.746747,0.00429405,2.12538,0.692094,1000.25,8.80393e-12,1.22317e+06,1.67868e-08
0.747748,0.00428587,2.12584,0.691946,1000.25,8.80395e-12,1.22339e+06,1.67548e-08
0.748749,0.0042777,2.12629,0.691798,1000.26,8.80397e-12,1.22362e+06,1.67229e-08
0.74975,0.00426955,2.12675,0.691649,1000.26,8.80398e-12,1.22385e+06,1.66911e-08
0.750751,0.00426142,2.12721,0.691501,1000.26,8.804e-12,1.22408e+06,1.66593e-08
0.751752,0.0042533,2.12766,0.691353,1000.26,8.80401e-12,1.22431e+06,1.66276e-08
0.752753,0.0042452,2.12812,0.691204,1000.26,8.80403e-12,1.22454e+06,1.65959e-08
0.753754,0.00423711,2.12858,0.691055,1000.26,8.80404e-12,1.22477e+06,1.65644e-08
0.754755,0.00422903,2.12904,0.690906,1000.26,8.80406e-12,1.225e+06,1.65328e-08
0.755756,0.00422098,2.1295,0.690757,1000.26,8.80408e-12,1.22524e+06,1.65014e-08
0.756757,0.00421294,2.12996,0.690607,1000.26,8.80409e-12,1.22547e+06,1.64699e-08
0.757758,0.00420491,2.13042,0.690458,1000.26,8.80411e-12,1.2257e+06,1.64386e-08
0.758759,0.0041969,2.13089,0.690308,1000.26,8.80412e-12,1.22593e+06,1.64073e-08
0.75976,0.0041889,2.13135,0.690158,1000.26,8.80414e-12,1.22617e+06,1.63761e-08
0.760761,0.00418092,2.13181,0.690008,1000.26,8.80416e-12,1.2264e+06,1.63449e-08
0.761762,0.00417295,2.13228,0.689858,1000.26,8.80417e-12,1.22663e+06,1.63138e-08
0.762763,0.004165,2.13275,0.689708,1000.26,8.80419e-12,1.22687e+06,1.62827e-08
0.763764,0.00415707,2.13321,0.689557,1000.26,8.8042e-12,1.2271e+06,1.62517e-08
0.764765,0.00414915,2.13368,0.689407,1000.26,8.80422e-12,1.22733e+06,1.62208e-08
0.765766,0.00414124,2.13415,0.689256,1000.26,8.80424e-12,1.22757e+06,1.61899e-08
0.766767,0.00413335,2.13461,0.689105,1000.26,8.80425e-12,1.22781e+06,1.61591e-08
0.767768,0.00412548,2.13508,0.688954,1000.26,8.80427e-12,1.22804e+06,1.61284e-08
0.768769,0.00411761,2.13555,0.688802,1000.26,8.80428e-12,1.22828e+06,1.60977e-08
0.76977,0.00410977,2.13602,0.688651,1000.26,8.8043e-12,1.22851e+06,1.6067e-08
0.770771,0.00410194,2.1365,0.688499,1000.26,8.80432e-12,1.22875e+06,1.60364e-08
0.771772,0.00409412,2.13697,0.688347,1000.26,8.80433e-12,1.22899e+06,1.60059e-08
0.772773,0.00408632,2.13744,0.688195,1000.26,8.80435e-12,1.22922e+06,1.59754e-08
0.773774,0.00407854,2.13791,0.688043,1000.26,8.80437e-12,1.22946e+06,1.5945e-08
0.774775,0.00407077,2.13839,0.687891,1000.27,8.80438e-12,1.2297e+06,1.59147e-08
0.775776,0.00406301,2.13886,0.687739,1000.27,8.8044e-12,1.22994e+06,1.58844e-08
0.776777,0.00405527,2.13934,0.687586,1000.27,8.80441e-12,1.23018e+06,1.58541e-08
0.777778,0.00404754,2.13982,0.687433,1000.27,8.80443e-12,1.23042e+06,1.5824e-08
0.778779,0.00403983,2.14029,0.68728,1000.27,8.80445e-12,1.23066e+06,1.57938e-08
0.77978,0.00403213,2.14077,0.687127,1000.27,8.80446e-12,1.2309e+06,1.57638e-08
0.780781,0.00402445,2.14125,0.686974,1000.27,8.80448e-12,1.23114e+06,1.57338e-08
0.781782,0.00401678,2.14173,0.68682,1000.27,8.8045e-12,1.23138e+06,1.57038e-08
0.782783,0.00400913,2.14221,0.686667,1000.27,8.80451e-12,1.23162e+06,1.56739e-08
0.783784,0.00400149,2.14269,0.686513,1000.27,8.80453e-12,1.23186e+06,1.56441e-08
0.784785,0.00399386,2.14317,0.686359,1000.27,8.80454e-12,1.2321e+06,1.56143e-08
0.785786,0.00398625,2.14365,0.686205,1000.27,8.80456e-12,1.23234e+06,1.55846e-08
0.786787,0.00397866,2.14414,0.68605,1000.27,8.80458e-12,1.23259e+06,1.55549e-08
0.787788,0.00397108,2.14462,0.685896,1000.27,8.80459e-12,1.23283e+06,1.55253e-08
0.788789,0.00396351,2.1451,0.685741,1000.27,8.80461e-12,1.23307e+06,1.54958e-08
0.78979,0.00395596,2.14559,0.685586,1000.27,8.80463e-12,1.23332e+06,1.54663e-08
0.790791,0.00394842,2.14608,0.685431,1000.27,8.80464e-12,1.23356e+06,1.54368e-08
0.791792,0.0039409,2.14656,0.685276,1000.27,8.80466e-12,1.23381e+06,1.54075e-08
0.792793,0.00393339,2.14705,0.685121,1000.27,8.80468e-12,1.23405e+06,1.53781e-08
0.793794,0.00392589,2.14754,0.684966,1000.27,8.80469e-12,1.2343e+06,1.53488e-08
0.794795,0.00391841,2.14803,0.68481,1000.27,8.80471e-12,1.23454e+06,1.53196e-08
0.795796,0.00391095,2.14852,0.684654,1000.27,8.80473e-12,1.23479e+06,1.52905e-08
0.796797,0.0039035,2.14901,0.684498,1000.27,8.80474e-12,1.23503e+06,1.52614e-08
0.797798,0.00389606,2.1495,0.684342,1000.27,8.80476e-12,1.23528e+06,1.52323e-08
0.798799,0.00388863,2.14999,0.684186,1000.27,8.80478e-12,1.23553e+06,1.52033e-08
0.7998,0.00388123,2.15048,0.684029,1000.28,8.80479e-12,1.23577e+06,1.51744e-08
0.800801,0.00387383,2.15098,0.683873,1000.28,8.80481e-12,1.23602e+06,1.51455e-08
0.801802,0.00386645,2.15147,0.683716,1000.28,8.80483e-12,1.23627e+06,1.51167e-08
0.802803,0.00385908,2.15196,0.683559,1000.28,8.80484e-12,1.23652e+06,1.50879e-08
0.803804,0.00385173,2.15246,0.683402,1000.28,8.80486e-12,1.23677e+06,1.50592e-08
0.804805,0.00384439,2.15296,0.683244,1000.28,8.80488e-12,1.23702e+06,1.50305e-08
0.805806,0.00383706,2.15345,0.683087,1000.28,8.80489e-12,1.23727e+06,1.50019e-08
0.806807,0.00382975,2.15395,0.682929,1000.28,8.80491e-12,1.23752e+06,1.49733e-08
0.807808,0.00382245,2.15445,0.682772,1000.28,8.80493e-12,1.23777e+06,1.49448e-08
0.808809,0.00381517,2.15495,0.682614,1000.28,8.80494e-12,1.23802e+06,1.49164e-08
0.80981,0.0038079,2.15545,0.682456,1000.28,8.80496e-12,1.23827e+06,1.4888e-08
0.810811,0.00380065,2.15595,0.682297,1000.28,8.80498e-12,1.23852e+06,1.48596e-08
0.811812,0.0037934,2.15645,0.682139,1000.28,8.80499e-12,1.23877e+06,1.48314e-08
0.812813,0.00378617,2.15695,0.68198,1000.28,8.80501e-12,1.23902e+06,1.48031e-08
0.813814,0.00377896,2.15746,0.681821,1000.28,8.80503e-12,1.23928e+06,1.4775e-08
0.814815,0.00377176,2.15796,0.681662,1000.28,8.80505e-12,1.23953e+06,1.47468e-08
0.815816,0.00376457,2.15847,0.681503,1000.28,8.80506e-12,1.23978e+06,1.47188e-08
0.816817,0.0037574,2.15897,0.681344,1000.28,8.80508e-12,1.24003e+06,1.46907e-08
0.817818,0.00375024,2.15948,0.681185,1000.28,8.8051e-12,1.24029e+06,1.46628e-08
0.818819,0.00374309,2.15999,0.681025,1000.28,8.80511e-12,1.24054e+06,1.46349e-08
0.81982,0.00373596,2.16049,0.680865,1000.28,8.80513e-12,1.2408e+06,1.4607e-08
0.820821,0.00372884,2.161,0.680705,1000.28,8.80515e-12,1.24105e+06,1.45792e-08
0.821822,0.00372174,2.16151,0.680545,1000.28,8.80516e-12,1.24131e+06,1.45514e-08
0.822823,0.00371464,2.16202,0.680385,1000.28,8.80518e-12,1.24156e+06,1.45237e-08
0.823824,0.00370757,2.16253,0.680224,1000.28,8.8052e-12,1.24182e+06,1.44961e-08
0.824825,0.0037005,2.16304,0.680064,1000.29,8.80522e-12,1.24208e+06,1.44685e-08
0.825826,0.00369345,2.16356,0.679903,1000.29,8.80523e-12,1.24233e+06,1.4441e-08
0.826827,0.00368641,2.16407,0.679742,1000.29,8.80525e-12,1.24259e+06,1.44135e-08
0.827828,0.00367939,2.16458,0.679581,1000.29,8.80527e-12,1.24285e+06,1.4386e-08
0.828829,0.00367238,2.1651,0.67942,1000.29,8.80528e-12,1.24311e+06,1.43586e-08
0.82983,0.00366538,2.16561,0.679258,1000.29,8.8053e-12,1.24337e+06,1.43313e-08
0.830831,0.00365839,2.16613,0.679097,1000.29,8.80532e-12,1.24363e+06,1.4304e-08
0.831832,0.00365142,2.16665,0.678935,1000.29,8.80534e-12,1.24388e+06,1.42768e-08
0.832833,0.00364446,2.16716,0.678773,1000.29,8.80535e-12,1.24414e+06,1.42496e-08
0.833834,0.00363752,2.16768,0.678611,1000.29,8.80537e-12,1.2444e+06,1.42225e-08
0.834835,0.00363059,2.1682,0.678449,1000.29,8.80539e-12,1.24467e+06,1.41954e-08
0.835836,0.00362367,2.16872,0.678286,1000.29,8.80541e-12,1.24493e+06,1.41684e-08
0.836837,0.00361676,2.16924,0.678124,1000.29,8.80542e-12,1.24519e+06,1.41414e-08
0.837838,0.00360987,2.16976,0.677961,1000.29,8.80544e-12,1.24545e+06,1.41145e-08
0.838839,0.00360299,2.17029,0.677798,1000.29,8.80546e-12,1.24571e+06,1.40876e-08
0.83984,0.00359613,2.17081,0.677635,1000.29,8.80548e-12,1.24597e+06,1.40608e-08
0.840841,0.00358928,2.17133,0.677472,1000.29,8.80549e-12,1.24624e+06,1.40341e-08
0.841842,0.00358244,2.17186,0.677308,1000.29,8.80551e-12,1.2465e+06,1.40073e-08
0.842843,0.00357561,2.17238,0.677145,1000.29,8.80553e-12,1.24676e+06,1.39807e-08
0.843844,0.0035688,2.17291,0.676981,1000.29,8.80554e-12,1.24703e+06,1.39541e-08
0.844845,0.00356199,2.17344,0.676817,1000.29,8.80556e-12,1.24729e+06,1.39275e-08
0.845846,0.00355521,2.17397,0.676653,1000.29,8.80558e-12,1.24756e+06,1.3901e-08
0.846847,0.00354843,2.1745,0.676488,1000.29,8.8056e-12,1.24782e+06,1.38745e-08
0.847848,0.00354167,2.17502,0.676324,1000.29,8.80561e-12,1.24809e+06,1.38481e-08
0.848849,0.00353492,2.17556,0.676159,1000.3,8.80563e-12,1.24835e+06,1.38218e-08
0.84985,0.00352818,2.17609,0.675995,1000.3,8.80565e-12,1.24862e+06,1.37954e-08
0.850851,0.00352146,2.17662,0.67583,1000.3,8.80567e-12,1.24889e+06,1.37692e-08
0.851852,0.00351475,2.17715,0.675665,1000.3,8.80569e-12,1.24915e+06,1.3743e-08
0.852853,0.00350805,2.17768,0.675499,1000.3,8.8057e-12,1.24942e+06,1.37168e-08
0.853854,0.00350137,2.17822,0.675334,1000.3,8.80572e-12,1.24969e+06,1.36907e-08
0.854855,0.0034947,2.17875,0.675168,1000.3,8.80574e-12,1.24996e+06,1.36646e-08
0.855856,0.00348804,2.17929,0.675003,1000.3,8.80576e-12,1.25023e+06,1.36386e-08
0.856857,0.00348139,2.17983,0.674837,1000.3,8.80577e-12,1.25049e+06,1.36127e-08
0.857858,0.00347475,2.18036,0.674671,1000.3,8.80579e-12,1.25076e+06,1.35867e-08
0.858859,0.00346813,2.1809,0.674504,1000.3,8.80581e-12,1.25103e+06,1.35609e-08
0.85986,0.00346152,2.18144,0.674338,1000.3,8.80583e-12,1.2513e+06,1.35351e-08
0.860861,0.00345493,2.18198,0.674171,1000.3,8.80584e-12,1.25157e+06,1.35093e-08
0.861862,0.00344834,2.18252,0.674005,1000.3,8.80586e-12,1.25185e+06,1.34836e-08
0.862863,0.00344177,2.18306,0.673838,1000.3,8.80588e-12,1.25212e+06,1.34579e-08
0.863864,0.00343521,2.18361,0.673671,1000.3,8.8059e-12,1.25239e+06,1.34323e-08
0.864865,0.00342867,2.18415,0.673503,1000.3,8.80592e-12,1.25266e+06,1.34067e-08
0.865866,0.00342213,2.18469,0.673336,1000.3,8.80593e-12,1.25293e+06,1.33812e-08
0.866867,0.00341561,2.18524,0.673168,1000.3,8.80595e-12,1.25321e+06,1.33557e-08
0.867868,0.0034091,2.18578,0.673001,1000.3,8.80597e-12,1.25348e+06,1.33303e-08
0.868869,0.00340261,2.18633,0.672833,1000.3,8.80599e-12,1.25375e+06,1.33049e-08
0.86987,0.00339612,2.18688,0.672665,1000.3,8.80601e-12,1.25403e+06,1.32796e-08
0.870871,0.00338965,2.18743,0.672496,1000.3,8.80602e-12,1.2543e+06,1.32543e-08
0.871872,0.00338319,2.18797,0.672328,1000.3,8.80604e-12,1.25458e+06,1.32291e-08
0.872873,0.00337674,2.18852,0.672159,1000.31,8.80606e-12,1.25485e+06,1.32039e-08
0.873874,0.00337031,2.18907,0.671991,1000.31,8.80608e-12,1.25513e+06,1.31788e-08
0.874875,0.00336388,2.18963,0.671822,1000.31,8.8061e-12,1.25541e+06,1.31537e-08
0.875876,0.00335747,2.19018,0.671653,1000.31,8.80611e-12,1.25568e+06,1.31286e-08
0.876877,0.00335107,2.19073,0.671483,1000.31,8.80613e-12,1.25596e+06,1.31037e-08
0.877878,0.00334469,2.19129,0.671314,1000.31,8.80615e-12,1.25624e+06,1.30787e-08
0.878879,0.00333831,2.19184,0.671144,1000.31,8.80617e-12,1.25651e+06,1.30538e-08
0.87988,0.00333195,2.1924,0.670975,1000.31,8.80619e-12,1.25679e+06,1.3029e-08
0.880881,0.0033256,2.19295,0.670805,1000.31,8.8062e-12,1.25707e+06,1.30042e-08
0.881882,0.00331927,2.19351,0.670635,1000.31,8.80622e-12,1.25735e+06,1.29794e-08
0.882883,0.00331294,2.19407,0.670464,1000.31,8.80624e-12,1.25763e+06,1.29547e-08
0.883884,0.00330663,2.19463,0.670294,1000.31,8.80626e-12,1.25791e+06,1.293e-08
0.884885,0.00330032,2.19518,0.670123,1000.31,8.80628e-12,1.25819e+06,1.29054e-08
0.885886,0.00329403,2.19575,0.669953,1000.31,8.8063e-12,1.25847e+06,1.28808e-08
0.886887,0.00328776,2.19631,0.669782,1000.31,8.80631e-12,1.25875e+06,1.28563e-08
0.887888,0.00328149,2.19687,0.669611,1000.31,8.80633e-12,1.25903e+06,1.28319e-08
0.888889,0.00327524,2.19743,0.66944,1000.31,8.80635e-12,1.25932e+06,1.28074e-08
0.88989,0.003269,2.19799,0.669268,1000.31,8.80637e-12,1.2596e+06,1.2783e-08
0.890891,0.00326277,2.19856,0.669097,1000.31,8.80639e-12,1.25988e+06,1.27587e-08
0.891892,0.00325655,2.19912,0.668925,1000.31,8.80641e-12,1.26016e+06,1.27344e-08
0.892893,0.00325034,2.19969,0.668753,1000.31,8.80642e-12,1.26045e+06,1.27102e-08
0.893894,0.00324415,2.20026,0.668581,1000.31,8.80644e-12,1.26073e+06,1.2686e-08
0.894895,0.00323796,2.20083,0.668409,1000.31,8.80646e-12,1.26102e+06,1.26618e-08
0.895896,0.00323179,2.20139,0.668236,1000.32,8.80648e-12,1.2613e+06,1.26377e-08
0.896897,0.00322563,2.20196,0.668064,1000.32,8.8065e-12,1.26159e+06,1.26137e-08
0.897898,0.00321949,2.20253,0.667891,1000.32,8.80652e-12,1.26187e+06,1.25897e-08
0.898899,0.00321335,2.20311,0.667718,1000.32,8.80653e-12,1.26216e+06,1.25657e-08
0.8999,0.00320723,2.20368,0.667545,1000.32,8.80655e-12,1.26244e+06,1.25418e-08
0.900901,0.00320111,2.20425,0.667372,1000.32,8.80657e-12,1.26273e+06,1.25179e-08
0.901902,0.00319501,2.20482,0.667198,1000.32,8.80659e-12,1.26302e+06,1.24941e-08
0.902903,0.00318892,2.2054,0.667025,1000.32,8.80661e-12,1.26331e+06,1.24703e-08
0.903904,0.00318285,2.20597,0.666851,1000.32,8.80663e-12,1.26359e+06,1.24465e-08
0.904905,0.00317678,2.20655,0.666677,1000.32,8.80665e-12,1.26388e+06,1.24228e-08
0.905906,0.00317073,2.20713,0.666503,1000.32,8.80666e-12,1.26417e+06,1.23992e-08
0.906907,0.00316468,2.20771,0.666329,1000.32,8.80668e-12,1.26446e+06,1.23756e-08
0.907908,0.00315865,2.20829,0.666155,1000.32,8.8067e-12,1.26475e+06,1.2352e-08
0.908909,0.00315263,2.20886,0.66598,1000.32,8.80672e-12,1.26504e+06,1.23285e-08
0.90991,0.00314662,2.20945,0.665806,1000.32,8.80674e-12,1.26533e+06,1.2305e-08
0.910911,0.00314063,2.21003,0.665631,1000.32,8.80676e-12,1.26562e+06,1.22816e-08
0.911912,0.00313464,2.21061,0.665456,1000.32,8.80678e-12,1.26591e+06,1.22582e-08
0.912913,0.00312867,2.21119,0.66528,1000.32,8.8068e-12,1.26621e+06,1.22349e-08
0.913914,0.0031227,2.21178,0.665105,1000.32,8.80681e-12,1.2665e+06,1.22116e-08
0.914915,0.00311675,2.21236,0.66493,1000.32,8.80683e-12,1.26679e+06,1.21884e-08
0.915916,0.00311081,2.21295,0.664754,1000.32,8.80685e-12,1.26708e+06,1.21652e-08
0.916917,0.00310488,2.21353,0.664578,1000.32,8.80687e-12,1.26738e+06,1.2142e-08
0.917918,0.00309897,2.21412,0.664402,1000.33,8.80689e-12,1.26767e+06,1.21189e-08
0.918919,0.00309306,2.21471,0.664226,1000.33,8.80691e-12,1.26797e+06,1.20958e-08
0.91992,0.00308716,2.2153,0.664049,1000.33,8.80693e-12,1.26826e+06,1.20728e-08
0.920921,0.00308128,2.21589,0.663873,1000.33,8.80695e-12,1.26856e+06,1.20498e-08
0.921922,0.00307541,2.21648,0.663696,1000.33,8.80697e-12,1.26885e+06,1.20269e-08
0.922923,0.00306955,2.21707,0.663519,1000.33,8.80698e-12,1.26915e+06,1.2004e-08
0.923924,0.0030637,2.21766,0.663342,1000.33,8.807e-12,1.26944e+06,1.19811e-08
0.924925,0.00305786,2.21826,0.663165,1000.33,8.80702e-12,1.26974e+06,1.19583e-08
0.925926,0.00305203,2.21885,0.662988,1000.33,8.80704e-12,1.27004e+06,1.19355e-08
0.926927,0.00304621,2.21945,0.66281,1000.33,8.80706e-12,1.27034e+06,1.19128e-08
0.927928,0.00304041,2.22004,0.662633,1000.33,8.80708e-12,1.27063e+06,1.18901e-08
0.928929,0.00303461,2.22064,0.662455,1000.33,8.8071e-12,1.27093e+06,1.18675e-08
0.92993,0.00302883,2.22124,0.662277,1000.33,8.80712e-12,1.27123e+06,1.18449e-08
0.930931,0.00302305,2.22184,0.662099,1000.33,8.80714e-12,1.27153e+06,1.18224e-08
0.931932,0.00301729,2.22244,0.66192,1000.33,8.80716e-12,1.27183e+06,1.17998e-08
0.932933,0.00301154,2.22304,0.661742,1000.33,8.80717e-12,1.27213e+06,1.17774e-08
0.933934,0.0030058,2.22364,0.661563,1000.33,8.80719e-12,1.27243e+06,1.1755e-08
0.934935,0.00300007,2.22424,0.661384,1000.33,8.80721e-12,1.27273e+06,1.17326e-08
0.935936,0.00299436,2.22484,0.661205,1000.33,8.80723e-12,1.27304e+06,1.17102e-08
0.936937,0.00298865,2.22545,0.661026,1000.33,8.80725e-12,1.27334e+06,1.16879e-08
0.937938,0.00298295,2.22605,0.660847,1000.33,8.80727e-12,1.27364e+06,1.16657e-08
0.938939,0.00297727,2.22666,0.660668,1000.33,8.80729e-12,1.27394e+06,1.16435e-08
0.93994,0.00297159,2.22726,0.660488,1000.34,8.80731e-12,1.27425e+06,1.16213e-08
0.940941,0.00296593,2.22787,0.660308,1000.34,8.80733e-12,1.27455e+06,1.15992e-08
0.941942,0.00296028,2.22848,0.660128,1000.34,8.80735e-12,1.27485e+06,1.15771e-08
0.942943,0.00295463,2.22909,0.659948,1000.34,8.80737e-12,1.27516e+06,1.15551e-08
0.943944,0.002949,2.2297,0.659768,1000.34,8.80739e-12,1.27546e+06,1.15331e-08
0.944945,0.00294338,2.23031,0.659587,1000.34,8.80741e-12,1.27577e+06,1.15111e-08
0.945946,0.00293777,2.23092,0.659407,1000.34,8.80742e-12,1.27608e+06,1.14892e-08
0.946947,0.00293217,2.23154,0.659226,1000.34,8.80744e-12,1.27638e+06,1.14673e-08
0.947948,0.00292658,2.23215,0.659045,1000.34,8.80746e-12,1.27669e+06,1.14455e-08
0.948949,0.002921,2.23276,0.658864,1000.34,8.80748e-12,1.277e+06,1.14237e-08
0.94995,0.00291544,2.23338,0.658683,1000.34,8.8075e-12,1.2773e+06,1.1402e-08
0.950951,0.00290988,2.234,0.658501,1000.34,8.80752e-12,1.27761e+06,1.13803e-08
0.951952,0.00290433,2.23461,0.65832,1000.34,8.80754e-12,1.27792e+06,1.13586e-08
0.952953,0.0028988,2.23523,0.658138,1000.34,8.80756e-12,1.27823e+06,1.1337e-08
0.953954,0.00289327,2.23585,0.657956,1000.34,8.80758e-12,1.27854e+06,1.13154e-08
0.954955,0.00288776,2.23647,0.657774,1000.34,8.8076e-12,1.27885e+06,1.12938e-08
0.955956,0.00288225,2.23709,0.657592,1000.34,8.80762e-12,1.27916e+06,1.12723e-08
0.956957,0.00287676,2.23771,0.657409,1000.34,8.80764e-12,1.27947e+06,1.12509e-08
0.957958,0.00287128,2.23833,0.657227,1000.34,8.80766e-12,1.27978e+06,1.12295e-08
0.958959,0.0028658,2.23896,0.657044,1000.34,8.80768e-12,1.28009e+06,1.12081e-08
0.95996,0.00286034,2.23958,0.656861,1000.34,8.8077e-12,1.28041e+06,1.11867e-08
0.960961,0.00285489,2.24021,0.656678,1000.34,8.80772e-12,1.28072e+06,1.11654e-08
0.961962,0.00284945,2.24083,0.656495,1000.35,8.80774e-12,1.28103e+06,1.11442e-08
0.962963,0.00284402,2.24146,0.656311,1000.35,8.80776e-12,1.28134e+06,1.1123e-08
0.963964,0.0028386,2.24209,0.656128,1000.35,8.80778e-12,1.28166e+06,1.11018e-08
0.964965,0.00283318,2.24272,0.655944,1000.35,8.8078e-12,1.28197e+06,1.10807e-08
0.965966,0.00282778,2.24335,0.65576,1000.35,8.80782e-12,1.28229e+06,1.10596e-08
0.966967,0.00282239,2.24398,0.655576,1000.35,8.80784e-12,1.2826e+06,1.10385e-08
0.967968,0.00281701,2.24461,0.655392,1000.35,8.80786e-12,1.28292e+06,1.10175e-08
0.968969,0.00281165,2.24524,0.655207,1000.35,8.80788e-12,1.28323e+06,1.09965e-08
0.96997,0.00280629,2.24588,0.655023,1000.35,8.80789e-12,1.28355e+06,1.09756e-08
0.970971,0.00280094,2.24651,0.654838,1000.35,8.80791e-12,1.28387e+06,1.09547e-08
0.971972,0.0027956,2.24715,0.654653,1000.35,8.80793e-12,1.28419e+06,1.09338e-08
0.972973,0.00279027,2.24778,0.654468,1000.35,8.80795e-12,1.2845e+06,1.0913e-08
0.973974,0.00278495,2.24842,0.654283,1000.35,8.80797e-12,1.28482e+06,1.08922e-08
0.974975,0.00277964,2.24906,0.654098,1000.35,8.80799e-12,1.28514e+06,1.08715e-08
0.975976,0.00277434,2.2497,0.653912,1000.35,8.80801e-12,1.28546e+06,1.08508e-08
0.976977,0.00276906,2.25034,0.653727,1000.35,8.80803e-12,1.28578e+06,1.08301e-08
0.977978,0.00276378,2.25098,0.653541,1000.35,8.80805e-12,1.2861e+06,1.08095e-08
0.978979,0.00275851,2.25162,0.653355,1000.35,8.80807e-12,1.28642e+06,1.07889e-08
0.97998,0.00275325,2.25226,0.653169,1000.35,8.80809e-12,1.28674e+06,1.07684e-08
0.980981,0.002748,2.25291,0.652982,1000.35,8.80811e-12,1.28706e+06,1.07479e-08
0.981982,0.00274276,2.25355,0.652796,1000.35,8.80813e-12,1.28739e+06,1.07274e-08
0.982983,0.00273754,2.2542,0.652609,1000.36,8.80815e-12,1.28771e+06,1.0707e-08
0.983984,0.00273232,2.25484,0.652423,1000.36,8.80817e-12,1.28803e+06,1.06866e-08
0.984985,0.00272711,2.25549,0.652236,1000.36,8.80819e-12,1.28835e+06,1.06663e-08
0.985986,0.00272191,2.25614,0.652049,1000.36,8.80821e-12,1.28868e+06,1.0646e-08
0.986987,0.00271672,2.25679,0.651861,1000.36,8.80823e-12,1.289e+06,1.06257e-08
0.987988,0.00271154,2.25744,0.651674,1000.36,8.80825e-12,1.28933e+06,1.06055e-08
0.988989,0.00270638,2.25809,0.651486,1000.36,8.80827e-12,1.28965e+06,1.05853e-08
0.98999,0.00270122,2.25874,0.651298,1000.36,8.80829e-12,1.28998e+06,1.05651e-08
0.990991,0.00269607,2.2594,0.651111,1000.36,8.80831e-12,1.2903e+06,1.0545e-08
0.991992,0.00269093,2.26005,0.650922,1000.36,8.80834e-12,1.29063e+06,1.05249e-08
0.992993,0.0026858,2.2607,0.650734,1000.36,8.80836e-12,1.29096e+06,1.05049e-08
0.993994,0.00268068,2.26136,0.650546,1000.36,8.80838e-12,1.29128e+06,1.04849e-08
0.994995,0.00267557,2.26202,0.650357,1000.36,8.8084e-12,1.29161e+06,1.04649e-08
0.995996,0.00267047,2.26267,0.650169,1000.36,8.80842e-12,1.29194e+06,1.0445e-08
0.996997,0.00266538,2.26333,0.64998,1000.36,8.80844e-12,1.29227e+06,1.04251e-08
0.997998,0.0026603,2.26399,0.649791,1000.36,8.80846e-12,1.2926e+06,1.04053e-08
0.998999,0.00265523,2.26465,0.649601,1000.36,8.80848e-12,1.29293e+06,1.03855e-08
1,0.00265017,2.26531,0.649412,1000.36,8.8085e-12,1.29326e+06,1.03657e-08
