# Time (hours),Membrane Thickness (cm),Voltage (V),Voltage Check(V),Current Density (A/cm^2),Current Density Check(A/cm^2),Power (W),Power Check(W)
0.000000,0.017800,1.928787,1.928787,0.762442,0.762442,1000.000000,1000.000000
0.001001,0.017790,1.928825,1.928825,0.762427,0.762427,1000.000000,1000.000000
0.002002,0.017780,1.928864,1.928864,0.762412,0.762412,1000.000000,1000.000000
0.003003,0.017770,1.928903,1.928903,0.762396,0.762396,1000.000000,1000.000000
0.004004,0.017760,1.928941,1.928941,0.762381,0.762381,1000.000000,1000.000000
0.005005,0.017750,1.928980,1.928980,0.762366,0.762366,1000.000000,1000.000000
0.006006,0.017740,1.929019,1.929019,0.762350,0.762350,1000.000000,1000.000000
0.007007,0.017730,1.929057,1.929057,0.762335,0.762335,1000.000000,1000.000000
0.008008,0.017720,1.929096,1.929096,0.762320,0.762320,1000.000000,1000.000000
0.009009,0.017710,1.929135,1.929135,0.762304,0.762304,1000.000000,1000.000000
0.010010,0.017700,1.929174,1.929174,0.762289,0.762289,1000.000000,1000.000000
0.011011,0.017690,1.929213,1.929213,0.762274,0.762274,1000.000000,1000.000000
0.012012,0.017680,1.929252,1.929252,0.762258,0.762258,1000.000000,1000.000000
0.013013,0.017670,1.929291,1.929291,0.762243,0.762243,1000.000000,1000.000000
0.014014,0.017660,1.929330,1.929330,0.762227,0.762227,1000.000000,1000.000000
0.015015,0.017650,1.929369,1.929369,0.762212,0.762212,1000.000000,1000.000000
0.016016,0.017640,1.929408,1.929408,0.762197,0.762197,1000.000000,1000.000000
0.017017,0.017630,1.929447,1.929447,0.762181,0.762181,1000.000000,1000.000000
0.018018,0.017620,1.929486,1.929486,0.762166,0.762166,1000.000000,1000.000000
0.019019,0.017610,1.929526,1.929526,0.762150,0.762150,1000.000000,1000.000000
0.020020,0.017600,1.929565,1.929565,0.762135,0.762135,1000.000000,1000.000000
0.021021,0.017590,1.929604,1.929604,0.762119,0.762119,1000.000000,1000.000000
0.022022,0.017580,1.929644,1.929644,0.762103,0.762103,1000.000000,1000.000000
0.023023,0.017570,1.929683,1.929683,0.762088,0.762088,1000.000000,1000.000000
0.024024,0.017560,1.929723,1.929723,0.762072,0.762072,1000.000000,1000.000000
0.025025,0.017550,1.929762,1.929762,0.762057,0.762057,1000.000000,1000.000000
0.026026,0.017540,1.929802,1.929802,0.762041,0.762041,1000.000000,1000.000000
0.027027,0.017530,1.929841,1.929841,0.762025,0.762025,1000.000000,1000.000000
0.028028,0.017520,1.929881,1.929881,0.762010,0.762010,1000.000000,1000.000000
0.029029,0.017510,1.929921,1.929921,0.761994,0.761994,1000.000000,1000.000000
0.030030,0.017500,1.929961,1.929961,0.761978,0.761978,1000.000000,1000.000000
0.031031,0.017490,1.930000,1.930000,0.761963,0.761963,1000.000000,1000.000000
0.032032,0.017480,1.930040,1.930040,0.761947,0.761947,1000.000000,1000.000000
0.033033,0.017470,1.930080,1.930080,0.761931,0.761931,1000.000000,1000.000000
0.034034,0.017460,1.930120,1.930120,0.761915,0.761915,1000.000000,1000.000000
0.035035,0.017450,1.930160,1.930160,0.761900,0.761900,1000.000000,1000.000000
0.036036,0.017440,1.930200,1.930200,0.761884,0.761884,1000.000000,1000.000000
0.037037,0.017430,1.930240,1.930240,0.761868,0.761868,1000.000000,1000.000000
0.038038,0.017420,1.930280,1.930280,0.761852,0.761852,1000.000000,1000.000000
0.039039,0.017410,1.930320,1.930320,0.761836,0.761836,1000.000000,1000.000000
0.040040,0.017400,1.930360,1.930360,0.761821,0.761821,1000.000000,1000.000000
0.041041,0.017390,1.930401,1.930401,0.761805,0.761805,1000.000000,1000.000000
0.042042,0.017380,1.930441,1.930441,0.761789,0.761789,1000.000000,1000.000000
0.043043,0.017370,1.930481,1.930481,0.761773,0.761773,1000.000000,1000.000000
0.044044,0.017360,1.930522,1.930522,0.761757,0.761757,1000.000000,1000.000000
0.045045,0.017350,1.930562,1.930562,0.761741,0.761741,1000.000000,1000.000000
0.046046,0.017340,1.930603,1.930603,0.761725,0.761725,1000.000000,1000.000000
0.047047,0.017330,1.930643,1.930643,0.761709,0.761709,1000.000000,1000.000000
0.048048,0.017320,1.930684,1.930684,0.761693,0.761693,1000.000000,1000.000000
0.049049,0.017310,1.930724,1.930724,0.761677,0.761677,1000.000000,1000.000000
0.050050,0.017299,1.930765,1.930765,0.761661,0.761661,1000.000000,1000.000000
0.051051,0.017289,1.930806,1.930806,0.761645,0.761645,1000.000000,1000.000000
0.052052,0.017279,1.930846,1.930846,0.761629,0.761629,1000.000000,1000.000000
0.053053,0.017269,1.930887,1.930887,0.761613,0.761613,1000.000000,1000.000000
0.054054,0.017259,1.930928,1.930928,0.761597,0.761597,1000.000000,1000.000000
0.055055,0.017249,1.930969,1.930969,0.761581,0.761581,1000.000000,1000.000000
0.056056,0.017239,1.931010,1.931010,0.761564,0.761564,1000.000000,1000.000000
0.057057,0.017229,1.931051,1.931051,0.761548,0.761548,1000.000000,1000.000000
0.058058,0.017219,1.931092,1.931092,0.761532,0.761532,1000.000000,1000.000000
0.059059,0.017209,1.931133,1.931133,0.761516,0.761516,1000.000000,1000.000000
0.060060,0.017199,1.931174,1.931174,0.761500,0.761500,1000.000000,1000.000000
0.061061,0.017189,1.931215,1.931215,0.761483,0.761483,1000.000000,1000.000000
0.062062,0.017179,1.931256,1.931256,0.761467,0.761467,1000.000000,1000.000000
0.063063,0.017169,1.931297,1.931297,0.761451,0.761451,1000.000000,1000.000000
0.064064,0.017159,1.931339,1.931339,0.761435,0.761435,1000.000000,1000.000000
0.065065,0.017149,1.931380,1.931380,0.761418,0.761418,1000.000000,1000.000000
0.066066,0.017139,1.931421,1.931421,0.761402,0.761402,1000.000000,1000.000000
0.067067,0.017129,1.931463,1.931463,0.761386,0.761386,1000.000000,1000.000000
0.068068,0.017119,1.931504,1.931504,0.761369,0.761369,1000.000000,1000.000000
0.069069,0.017109,1.931546,1.931546,0.761353,0.761353,1000.000000,1000.000000
0.070070,0.017099,1.931587,1.931587,0.761337,0.761337,1000.000000,1000.000000
0.071071,0.017089,1.931629,1.931629,0.761320,0.761320,1000.000000,1000.000000
0.072072,0.017079,1.931671,1.931671,0.761304,0.761304,1000.000000,1000.000000
0.073073,0.017069,1.931712,1.931712,0.761287,0.761287,1000.000000,1000.000000
0.074074,0.017059,1.931754,1.931754,0.761271,0.761271,1000.000000,1000.000000
0.075075,0.017049,1.931796,1.931796,0.761255,0.761255,1000.000000,1000.000000
0.076076,0.017039,1.931838,1.931838,0.761238,0.761238,1000.000000,1000.000000
0.077077,0.017029,1.931880,1.931880,0.761222,0.761222,1000.000000,1000.000000
0.078078,0.017019,1.931921,1.931921,0.761205,0.761205,1000.000000,1000.000000
0.079079,0.017009,1.931963,1.931963,0.761188,0.761188,1000.000000,1000.000000
0.080080,0.016999,1.932005,1.932005,0.761172,0.761172,1000.000000,1000.000000
0.081081,0.016989,1.932048,1.932048,0.761155,0.761155,1000.000000,1000.000000
0.082082,0.016979,1.932090,1.932090,0.761139,0.761139,1000.000000,1000.000000
0.083083,0.016969,1.932132,1.932132,0.761122,0.761122,1000.000000,1000.000000
0.084084,0.016959,1.932174,1.932174,0.761105,0.761105,1000.000000,1000.000000
0.085085,0.016949,1.932216,1.932216,0.761089,0.761089,1000.000000,1000.000000
0.086086,0.016939,1.932259,1.932259,0.761072,0.761072,1000.000000,1000.000000
0.087087,0.016929,1.932301,1.932301,0.761055,0.761055,1000.000000,1000.000000
0.088088,0.016919,1.932344,1.932344,0.761039,0.761039,1000.000000,1000.000000
0.089089,0.016909,1.932386,1.932386,0.761022,0.761022,1000.000000,1000.000000
0.090090,0.016899,1.932429,1.932429,0.761005,0.761005,1000.000000,1000.000000
0.091091,0.016889,1.932471,1.932471,0.760988,0.760988,1000.000000,1000.000000
0.092092,0.016879,1.932514,1.932514,0.760972,0.760972,1000.000000,1000.000000
0.093093,0.016869,1.932556,1.932556,0.760955,0.760955,1000.000000,1000.000000
0.094094,0.016859,1.932599,1.932599,0.760938,0.760938,1000.000000,1000.000000
0.095095,0.016849,1.932642,1.932642,0.760921,0.760921,1000.000000,1000.000000
0.096096,0.016839,1.932685,1.932685,0.760904,0.760904,1000.000000,1000.000000
0.097097,0.016829,1.932728,1.932728,0.760888,0.760888,1000.000000,1000.000000
0.098098,0.016819,1.932770,1.932770,0.760871,0.760871,1000.000000,1000.000000
0.099099,0.016809,1.932813,1.932813,0.760854,0.760854,1000.000000,1000.000000
0.100100,0.016799,1.932856,1.932856,0.760837,0.760837,1000.000000,1000.000000
0.101101,0.016789,1.932899,1.932899,0.760820,0.760820,1000.000000,1000.000000
0.102102,0.016779,1.932943,1.932943,0.760803,0.760803,1000.000000,1000.000000
0.103103,0.016769,1.932986,1.932986,0.760786,0.760786,1000.000000,1000.000000
0.104104,0.016759,1.933029,1.933029,0.760769,0.760769,1000.000000,1000.000000
0.105105,0.016749,1.933072,1.933072,0.760752,0.760752,1000.000000,1000.000000
0.106106,0.016739,1.933115,1.933115,0.760735,0.760735,1000.000000,1000.000000
0.107107,0.016729,1.933159,1.933159,0.760718,0.760718,1000.000000,1000.000000
0.108108,0.016719,1.933202,1.933202,0.760701,0.760701,1000.000000,1000.000000
0.109109,0.016709,1.933246,1.933246,0.760684,0.760684,1000.000000,1000.000000
0.110110,0.016699,1.933289,1.933289,0.760666,0.760666,1000.000000,1000.000000
0.111111,0.016689,1.933333,1.933333,0.760649,0.760649,1000.000000,1000.000000
0.112112,0.016679,1.933376,1.933376,0.760632,0.760632,1000.000000,1000.000000
0.113113,0.016669,1.933420,1.933420,0.760615,0.760615,1000.000000,1000.000000
0.114114,0.016659,1.933464,1.933464,0.760598,0.760598,1000.000000,1000.000000
0.115115,0.016649,1.933508,1.933508,0.760581,0.760581,1000.000000,1000.000000
0.116116,0.016639,1.933551,1.933551,0.760563,0.760563,1000.000000,1000.000000
0.117117,0.016629,1.933595,1.933595,0.760546,0.760546,1000.000000,1000.000000
0.118118,0.016619,1.933639,1.933639,0.760529,0.760529,1000.000000,1000.000000
0.119119,0.016609,1.933683,1.933683,0.760512,0.760512,1000.000000,1000.000000
0.120120,0.016599,1.933727,1.933727,0.760494,0.760494,1000.000000,1000.000000
0.121121,0.016589,1.933771,1.933771,0.760477,0.760477,1000.000000,1000.000000
0.122122,0.016579,1.933815,1.933815,0.760460,0.760460,1000.000000,1000.000000
0.123123,0.016569,1.933859,1.933859,0.760442,0.760442,1000.000000,1000.000000
0.124124,0.016559,1.933904,1.933904,0.760425,0.760425,1000.000000,1000.000000
0.125125,0.016549,1.933948,1.933948,0.760407,0.760407,1000.000000,1000.000000
0.126126,0.016539,1.933992,1.933992,0.760390,0.760390,1000.000000,1000.000000
0.127127,0.016529,1.934037,1.934037,0.760372,0.760372,1000.000000,1000.000000
0.128128,0.016519,1.934081,1.934081,0.760355,0.760355,1000.000000,1000.000000
0.129129,0.016509,1.934126,1.934126,0.760338,0.760338,1000.000000,1000.000000
0.130130,0.016499,1.934170,1.934170,0.760320,0.760320,1000.000000,1000.000000
0.131131,0.016489,1.934215,1.934215,0.760302,0.760302,1000.000000,1000.000000
0.132132,0.016479,1.934259,1.934259,0.760285,0.760285,1000.000000,1000.000000
0.133133,0.016469,1.934304,1.934304,0.760267,0.760267,1000.000000,1000.000000
0.134134,0.016459,1.934349,1.934349,0.760250,0.760250,1000.000000,1000.000000
0.135135,0.016449,1.934394,1.934394,0.760232,0.760232,1000.000000,1000.000000
0.136136,0.016439,1.934438,1.934438,0.760215,0.760215,1000.000000,1000.000000
0.137137,0.016429,1.934483,1.934483,0.760197,0.760197,1000.000000,1000.000000
0.138138,0.016419,1.934528,1.934528,0.760179,0.760179,1000.000000,1000.000000
0.139139,0.016409,1.934573,1.934573,0.760162,0.760162,1000.000000,1000.000000
0.140140,0.016399,1.934618,1.934618,0.760144,0.760144,1000.000000,1000.000000
0.141141,0.016389,1.934663,1.934663,0.760126,0.760126,1000.000000,1000.000000
0.142142,0.016379,1.934709,1.934709,0.760108,0.760108,1000.000000,1000.000000
0.143143,0.016369,1.934754,1.934754,0.760091,0.760091,1000.000000,1000.000000
0.144144,0.016359,1.934799,1.934799,0.760073,0.760073,1000.000000,1000.000000
0.145145,0.016349,1.934844,1.934844,0.760055,0.760055,1000.000000,1000.000000
0.146146,0.016339,1.934890,1.934890,0.760037,0.760037,1000.000000,1000.000000
0.147147,0.016329,1.934935,1.934935,0.760019,0.760019,1000.000000,1000.000000
0.148148,0.016319,1.934981,1.934981,0.760002,0.760002,1000.000000,1000.000000
0.149149,0.016309,1.935026,1.935026,0.759984,0.759984,1000.000000,1000.000000
0.150150,0.016298,1.935072,1.935072,0.759966,0.759966,1000.000000,1000.000000
0.151151,0.016288,1.935117,1.935117,0.759948,0.759948,1000.000000,1000.000000
0.152152,0.016278,1.935163,1.935163,0.759930,0.759930,1000.000000,1000.000000
0.153153,0.016268,1.935209,1.935209,0.759912,0.759912,1000.000000,1000.000000
0.154154,0.016258,1.935255,1.935255,0.759894,0.759894,1000.000000,1000.000000
0.155155,0.016248,1.935301,1.935301,0.759876,0.759876,1000.000000,1000.000000
0.156156,0.016238,1.935346,1.935346,0.759858,0.759858,1000.000000,1000.000000
0.157157,0.016228,1.935392,1.935392,0.759840,0.759840,1000.000000,1000.000000
0.158158,0.016218,1.935438,1.935438,0.759822,0.759822,1000.000000,1000.000000
0.159159,0.016208,1.935485,1.935485,0.759804,0.759804,1000.000000,1000.000000
0.160160,0.016198,1.935531,1.935531,0.759786,0.759786,1000.000000,1000.000000
0.161161,0.016188,1.935577,1.935577,0.759767,0.759767,1000.000000,1000.000000
0.162162,0.016178,1.935623,1.935623,0.759749,0.759749,1000.000000,1000.000000
0.163163,0.016168,1.935669,1.935669,0.759731,0.759731,1000.000000,1000.000000
0.164164,0.016158,1.935716,1.935716,0.759713,0.759713,1000.000000,1000.000000
0.165165,0.016148,1.935762,1.935762,0.759695,0.759695,1000.000000,1000.000000
0.166166,0.016138,1.935809,1.935809,0.759676,0.759676,1000.000000,1000.000000
0.167167,0.016128,1.935855,1.935855,0.759658,0.759658,1000.000000,1000.000000
0.168168,0.016118,1.935902,1.935902,0.759640,0.759640,1000.000000,1000.000000
0.169169,0.016108,1.935948,1.935948,0.759622,0.759622,1000.000000,1000.000000
0.170170,0.016098,1.935995,1.935995,0.759603,0.759603,1000.000000,1000.000000
0.171171,0.016088,1.936042,1.936042,0.759585,0.759585,1000.000000,1000.000000
0.172172,0.016078,1.936089,1.936089,0.759567,0.759567,1000.000000,1000.000000
0.173173,0.016068,1.936136,1.936136,0.759548,0.759548,1000.000000,1000.000000
0.174174,0.016058,1.936182,1.936182,0.759530,0.759530,1000.000000,1000.000000
0.175175,0.016048,1.936229,1.936229,0.759511,0.759511,1000.000000,1000.000000
0.176176,0.016038,1.936276,1.936276,0.759493,0.759493,1000.000000,1000.000000
0.177177,0.016028,1.936324,1.936324,0.759474,0.759474,1000.000000,1000.000000
0.178178,0.016018,1.936371,1.936371,0.759456,0.759456,1000.000000,1000.000000
0.179179,0.016008,1.936418,1.936418,0.759437,0.759437,1000.000000,1000.000000
0.180180,0.015998,1.936465,1.936465,0.759419,0.759419,1000.000000,1000.000000
0.181181,0.015988,1.936512,1.936512,0.759400,0.759400,1000.000000,1000.000000
0.182182,0.015978,1.936560,1.936560,0.759382,0.759382,1000.000000,1000.000000
0.183183,0.015968,1.936607,1.936607,0.759363,0.759363,1000.000000,1000.000000
0.184184,0.015958,1.936655,1.936655,0.759345,0.759345,1000.000000,1000.000000
0.185185,0.015948,1.936702,1.936702,0.759326,0.759326,1000.000000,1000.000000
0.186186,0.015938,1.936750,1.936750,0.759307,0.759307,1000.000000,1000.000000
0.187187,0.015928,1.936798,1.936798,0.759289,0.759289,1000.000000,1000.000000
0.188188,0.015918,1.936845,1.936845,0.759270,0.759270,1000.000000,1000.000000
0.189189,0.015908,1.936893,1.936893,0.759251,0.759251,1000.000000,1000.000000
0.190190,0.015898,1.936941,1.936941,0.759232,0.759232,1000.000000,1000.000000
0.191191,0.015888,1.936989,1.936989,0.759214,0.759214,1000.000000,1000.000000
0.192192,0.015878,1.937037,1.937037,0.759195,0.759195,1000.000000,1000.000000
0.193193,0.015868,1.937085,1.937085,0.759176,0.759176,1000.000000,1000.000000
0.194194,0.015858,1.937133,1.937133,0.759157,0.759157,1000.000000,1000.000000
0.195195,0.015848,1.937181,1.937181,0.759138,0.759138,1000.000000,1000.000000
0.196196,0.015838,1.937229,1.937229,0.759119,0.759119,1000.000000,1000.000000
0.197197,0.015828,1.937277,1.937277,0.759101,0.759101,1000.000000,1000.000000
0.198198,0.015818,1.937326,1.937326,0.759082,0.759082,1000.000000,1000.000000
0.199199,0.015808,1.937374,1.937374,0.759063,0.759063,1000.000000,1000.000000
0.200200,0.015798,1.937422,1.937422,0.759044,0.759044,1000.000000,1000.000000
0.201201,0.015788,1.937471,1.937471,0.759025,0.759025,1000.000000,1000.000000
0.202202,0.015778,1.937519,1.937519,0.759006,0.759006,1000.000000,1000.000000
0.203203,0.015768,1.937568,1.937568,0.758987,0.758987,1000.000000,1000.000000
0.204204,0.015758,1.937617,1.937617,0.758968,0.758968,1000.000000,1000.000000
0.205205,0.015748,1.937665,1.937665,0.758949,0.758949,1000.000000,1000.000000
0.206206,0.015738,1.937714,1.937714,0.758929,0.758929,1000.000000,1000.000000
0.207207,0.015728,1.937763,1.937763,0.758910,0.758910,1000.000000,1000.000000
0.208208,0.015718,1.937812,1.937812,0.758891,0.758891,1000.000000,1000.000000
0.209209,0.015708,1.937861,1.937861,0.758872,0.758872,1000.000000,1000.000000
0.210210,0.015698,1.937910,1.937910,0.758853,0.758853,1000.000000,1000.000000
0.211211,0.015688,1.937959,1.937959,0.758834,0.758834,1000.000000,1000.000000
0.212212,0.015678,1.938008,1.938008,0.758814,0.758814,1000.000000,1000.000000
0.213213,0.015668,1.938057,1.938057,0.758795,0.758795,1000.000000,1000.000000
0.214214,0.015658,1.938106,1.938106,0.758776,0.758776,1000.000000,1000.000000
0.215215,0.015648,1.938156,1.938156,0.758756,0.758756,1000.000000,1000.000000
0.216216,0.015638,1.938205,1.938205,0.758737,0.758737,1000.000000,1000.000000
0.217217,0.015628,1.938255,1.938255,0.758718,0.758718,1000.000000,1000.000000
0.218218,0.015618,1.938304,1.938304,0.758698,0.758698,1000.000000,1000.000000
0.219219,0.015608,1.938354,1.938354,0.758679,0.758679,1000.000000,1000.000000
0.220220,0.015598,1.938403,1.938403,0.758660,0.758660,1000.000000,1000.000000
0.221221,0.015588,1.938453,1.938453,0.758640,0.758640,1000.000000,1000.000000
0.222222,0.015578,1.938503,1.938503,0.758621,0.758621,1000.000000,1000.000000
0.223223,0.015568,1.938553,1.938553,0.758601,0.758601,1000.000000,1000.000000
0.224224,0.015558,1.938602,1.938602,0.758582,0.758582,1000.000000,1000.000000
0.225225,0.015548,1.938652,1.938652,0.758562,0.758562,1000.000000,1000.000000
0.226226,0.015538,1.938702,1.938702,0.758543,0.758543,1000.000000,1000.000000
0.227227,0.015528,1.938752,1.938752,0.758523,0.758523,1000.000000,1000.000000
0.228228,0.015518,1.938802,1.938802,0.758503,0.758503,1000.000000,1000.000000
0.229229,0.015508,1.938853,1.938853,0.758484,0.758484,1000.000000,1000.000000
0.230230,0.015498,1.938903,1.938903,0.758464,0.758464,1000.000000,1000.000000
0.231231,0.015488,1.938953,1.938953,0.758444,0.758444,1000.000000,1000.000000
0.232232,0.015478,1.939004,1.939004,0.758425,0.758425,1000.000000,1000.000000
0.233233,0.015468,1.939054,1.939054,0.758405,0.758405,1000.000000,1000.000000
0.234234,0.015458,1.939104,1.939104,0.758385,0.758385,1000.000000,1000.000000
0.235235,0.015448,1.939155,1.939155,0.758365,0.758365,1000.000000,1000.000000
0.236236,0.015438,1.939206,1.939206,0.758346,0.758346,1000.000000,1000.000000
0.237237,0.015428,1.939256,1.939256,0.758326,0.758326,1000.000000,1000.000000
0.238238,0.015418,1.939307,1.939307,0.758306,0.758306,1000.000000,1000.000000
0.239239,0.015408,1.939358,1.939358,0.758286,0.758286,1000.000000,1000.000000
0.240240,0.015398,1.939409,1.939409,0.758266,0.758266,1000.000000,1000.000000
0.241241,0.015388,1.939460,1.939460,0.758246,0.758246,1000.000000,1000.000000
0.242242,0.015378,1.939511,1.939511,0.758226,0.758226,1000.000000,1000.000000
0.243243,0.015368,1.939562,1.939562,0.758206,0.758206,1000.000000,1000.000000
0.244244,0.015358,1.939613,1.939613,0.758186,0.758186,1000.000000,1000.000000
0.245245,0.015348,1.939664,1.939664,0.758166,0.758166,1000.000000,1000.000000
0.246246,0.015338,1.939715,1.939715,0.758146,0.758146,1000.000000,1000.000000
0.247247,0.015328,1.939767,1.939767,0.758126,0.758126,1000.000000,1000.000000
0.248248,0.015318,1.939818,1.939818,0.758106,0.758106,1000.000000,1000.000000
0.249249,0.015308,1.939869,1.939869,0.758086,0.758086,1000.000000,1000.000000
0.250250,0.015297,1.939921,1.939921,0.758066,0.758066,1000.000000,1000.000000
0.251251,0.015287,1.939973,1.939973,0.758046,0.758046,1000.000000,1000.000000
0.252252,0.015277,1.940024,1.940024,0.758026,0.758026,1000.000000,1000.000000
0.253253,0.015267,1.940076,1.940076,0.758006,0.758006,1000.000000,1000.000000
0.254254,0.015257,1.940128,1.940128,0.757985,0.757985,1000.000000,1000.000000
0.255255,0.015247,1.940180,1.940180,0.757965,0.757965,1000.000000,1000.000000
0.256256,0.015237,1.940231,1.940231,0.757945,0.757945,1000.000000,1000.000000
0.257257,0.015227,1.940283,1.940283,0.757924,0.757924,1000.000000,1000.000000
0.258258,0.015217,1.940335,1.940335,0.757904,0.757904,1000.000000,1000.000000
0.259259,0.015207,1.940388,1.940388,0.757884,0.757884,1000.000000,1000.000000
0.260260,0.015197,1.940440,1.940440,0.757863,0.757863,1000.000000,1000.000000
0.261261,0.015187,1.940492,1.940492,0.757843,0.757843,1000.000000,1000.000000
0.262262,0.015177,1.940544,1.940544,0.757823,0.757823,1000.000000,1000.000000
0.263263,0.015167,1.940597,1.940597,0.757802,0.757802,1000.000000,1000.000000
0.264264,0.015157,1.940649,1.940649,0.757782,0.757782,1000.000000,1000.000000
0.265265,0.015147,1.940702,1.940702,0.757761,0.757761,1000.000000,1000.000000
0.266266,0.015137,1.940754,1.940754,0.757741,0.757741,1000.000000,1000.000000
0.267267,0.015127,1.940807,1.940807,0.757720,0.757720,1000.000000,1000.000000
0.268268,0.015117,1.940859,1.940859,0.757700,0.757700,1000.000000,1000.000000
0.269269,0.015107,1.940912,1.940912,0.757679,0.757679,1000.000000,1000.000000
0.270270,0.015097,1.940965,1.940965,0.757658,0.757658,1000.000000,1000.000000
0.271271,0.015087,1.941018,1.941018,0.757638,0.757638,1000.000000,1000.000000
0.272272,0.015077,1.941071,1.941071,0.757617,0.757617,1000.000000,1000.000000
0.273273,0.015067,1.941124,1.941124,0.757596,0.757596,1000.000000,1000.000000
0.274274,0.015057,1.941177,1.941177,0.757576,0.757576,1000.000000,1000.000000
0.275275,0.015047,1.941230,1.941230,0.757555,0.757555,1000.000000,1000.000000
0.276276,0.015037,1.941283,1.941283,0.757534,0.757534,1000.000000,1000.000000
0.277277,0.015027,1.941337,1.941337,0.757513,0.757513,1000.000000,1000.000000
0.278278,0.015017,1.941390,1.941390,0.757492,0.757492,1000.000000,1000.000000
0.279279,0.015007,1.941444,1.941444,0.757472,0.757472,1000.000000,1000.000000
0.280280,0.014997,1.941497,1.941497,0.757451,0.757451,1000.000000,1000.000000
0.281281,0.014987,1.941551,1.941551,0.757430,0.757430,1000.000000,1000.000000
0.282282,0.014977,1.941604,1.941604,0.757409,0.757409,1000.000000,1000.000000
0.283283,0.014967,1.941658,1.941658,0.757388,0.757388,1000.000000,1000.000000
0.284284,0.014957,1.941712,1.941712,0.757367,0.757367,1000.000000,1000.000000
0.285285,0.014947,1.941766,1.941766,0.757346,0.757346,1000.000000,1000.000000
0.286286,0.014937,1.941820,1.941820,0.757325,0.757325,1000.000000,1000.000000
0.287287,0.014927,1.941874,1.941874,0.757304,0.757304,1000.000000,1000.000000
0.288288,0.014917,1.941928,1.941928,0.757283,0.757283,1000.000000,1000.000000
0.289289,0.014907,1.941982,1.941982,0.757262,0.757262,1000.000000,1000.000000
0.290290,0.014897,1.942036,1.942036,0.757240,0.757240,1000.000000,1000.000000
0.291291,0.014887,1.942090,1.942090,0.757219,0.757219,1000.000000,1000.000000
0.292292,0.014877,1.942145,1.942145,0.757198,0.757198,1000.000000,1000.000000
0.293293,0.014867,1.942199,1.942199,0.757177,0.757177,1000.000000,1000.000000
0.294294,0.014857,1.942254,1.942254,0.757156,0.757156,1000.000000,1000.000000
0.295295,0.014847,1.942308,1.942308,0.757134,0.757134,1000.000000,1000.000000
0.296296,0.014837,1.942363,1.942363,0.757113,0.757113,1000.000000,1000.000000
0.297297,0.014827,1.942417,1.942417,0.757092,0.757092,1000.000000,1000.000000
0.298298,0.014817,1.942472,1.942472,0.757070,0.757070,1000.000000,1000.000000
0.299299,0.014807,1.942527,1.942527,0.757049,0.757049,1000.000000,1000.000000
0.300300,0.014797,1.942582,1.942582,0.757028,0.757028,1000.000000,1000.000000
0.301301,0.014787,1.942637,1.942637,0.757006,0.757006,1000.000000,1000.000000
0.302302,0.014777,1.942692,1.942692,0.756985,0.756985,1000.000000,1000.000000
0.303303,0.014767,1.942747,1.942747,0.756963,0.756963,1000.000000,1000.000000
0.304304,0.014757,1.942802,1.942802,0.756942,0.756942,1000.000000,1000.000000
0.305305,0.014747,1.942858,1.942858,0.756920,0.756920,1000.000000,1000.000000
0.306306,0.014737,1.942913,1.942913,0.756899,0.756899,1000.000000,1000.000000
0.307307,0.014727,1.942968,1.942968,0.756877,0.756877,1000.000000,1000.000000
0.308308,0.014717,1.943024,1.943024,0.756855,0.756855,1000.000000,1000.000000
0.309309,0.014707,1.943079,1.943079,0.756834,0.756834,1000.000000,1000.000000
0.310310,0.014697,1.943135,1.943135,0.756812,0.756812,1000.000000,1000.000000
0.311311,0.014687,1.943191,1.943191,0.756790,0.756790,1000.000000,1000.000000
0.312312,0.014677,1.943247,1.943247,0.756769,0.756769,1000.000000,1000.000000
0.313313,0.014667,1.943302,1.943302,0.756747,0.756747,1000.000000,1000.000000
0.314314,0.014657,1.943358,1.943358,0.756725,0.756725,1000.000000,1000.000000
0.315315,0.014647,1.943414,1.943414,0.756703,0.756703,1000.000000,1000.000000
0.316316,0.014637,1.943470,1.943470,0.756682,0.756682,1000.000000,1000.000000
0.317317,0.014627,1.943527,1.943527,0.756660,0.756660,1000.000000,1000.000000
0.318318,0.014617,1.943583,1.943583,0.756638,0.756638,1000.000000,1000.000000
0.319319,0.014607,1.943639,1.943639,0.756616,0.756616,1000.000000,1000.000000
0.320320,0.014597,1.943695,1.943695,0.756594,0.756594,1000.000000,1000.000000
0.321321,0.014587,1.943752,1.943752,0.756572,0.756572,1000.000000,1000.000000
0.322322,0.014577,1.943808,1.943808,0.756550,0.756550,1000.000000,1000.000000
0.323323,0.014567,1.943865,1.943865,0.756528,0.756528,1000.000000,1000.000000
0.324324,0.014557,1.943922,1.943922,0.756506,0.756506,1000.000000,1000.000000
0.325325,0.014547,1.943978,1.943978,0.756484,0.756484,1000.000000,1000.000000
0.326326,0.014537,1.944035,1.944035,0.756462,0.756462,1000.000000,1000.000000
0.327327,0.014527,1.944092,1.944092,0.756440,0.756440,1000.000000,1000.000000
0.328328,0.014517,1.944149,1.944149,0.756417,0.756417,1000.000000,1000.000000
0.329329,0.014507,1.944206,1.944206,0.756395,0.756395,1000.000000,1000.000000
0.330330,0.014497,1.944263,1.944263,0.756373,0.756373,1000.000000,1000.000000
0.331331,0.014487,1.944320,1.944320,0.756351,0.756351,1000.000000,1000.000000
0.332332,0.014477,1.944378,1.944378,0.756328,0.756328,1000.000000,1000.000000
0.333333,0.014467,1.944435,1.944435,0.756306,0.756306,1000.000000,1000.000000
0.334334,0.014457,1.944493,1.944493,0.756284,0.756284,1000.000000,1000.000000
0.335335,0.014447,1.944550,1.944550,0.756261,0.756261,1000.000000,1000.000000
0.336336,0.014437,1.944608,1.944608,0.756239,0.756239,1000.000000,1000.000000
0.337337,0.014427,1.944665,1.944665,0.756217,0.756217,1000.000000,1000.000000
0.338338,0.014417,1.944723,1.944723,0.756194,0.756194,1000.000000,1000.000000
0.339339,0.014407,1.944781,1.944781,0.756172,0.756172,1000.000000,1000.000000
0.340340,0.014397,1.944839,1.944839,0.756149,0.756149,1000.000000,1000.000000
0.341341,0.014387,1.944897,1.944897,0.756127,0.756127,1000.000000,1000.000000
0.342342,0.014377,1.944955,1.944955,0.756104,0.756104,1000.000000,1000.000000
0.343343,0.014367,1.945013,1.945013,0.756082,0.756082,1000.000000,1000.000000
0.344344,0.014357,1.945071,1.945071,0.756059,0.756059,1000.000000,1000.000000
0.345345,0.014347,1.945129,1.945129,0.756036,0.756036,1000.000000,1000.000000
0.346346,0.014337,1.945188,1.945188,0.756014,0.756014,1000.000000,1000.000000
0.347347,0.014327,1.945246,1.945246,0.755991,0.755991,1000.000000,1000.000000
0.348348,0.014317,1.945305,1.945305,0.755968,0.755968,1000.000000,1000.000000
0.349349,0.014307,1.945363,1.945363,0.755945,0.755945,1000.000000,1000.000000
0.350350,0.014296,1.945422,1.945422,0.755923,0.755923,1000.000000,1000.000000
0.351351,0.014286,1.945481,1.945481,0.755900,0.755900,1000.000000,1000.000000
0.352352,0.014276,1.945539,1.945539,0.755877,0.755877,1000.000000,1000.000000
0.353353,0.014266,1.945598,1.945598,0.755854,0.755854,1000.000000,1000.000000
0.354354,0.014256,1.945657,1.945657,0.755831,0.755831,1000.000000,1000.000000
0.355355,0.014246,1.945716,1.945716,0.755808,0.755808,1000.000000,1000.000000
0.356356,0.014236,1.945775,1.945775,0.755785,0.755785,1000.000000,1000.000000
0.357357,0.014226,1.945835,1.945835,0.755762,0.755762,1000.000000,1000.000000
0.358358,0.014216,1.945894,1.945894,0.755739,0.755739,1000.000000,1000.000000
0.359359,0.014206,1.945953,1.945953,0.755716,0.755716,1000.000000,1000.000000
0.360360,0.014196,1.946013,1.946013,0.755693,0.755693,1000.000000,1000.000000
0.361361,0.014186,1.946072,1.946072,0.755670,0.755670,1000.000000,1000.000000
0.362362,0.014176,1.946132,1.946132,0.755647,0.755647,1000.000000,1000.000000
0.363363,0.014166,1.946192,1.946192,0.755624,0.755624,1000.000000,1000.000000
0.364364,0.014156,1.946252,1.946252,0.755600,0.755600,1000.000000,1000.000000
0.365365,0.014146,1.946311,1.946311,0.755577,0.755577,1000.000000,1000.000000
0.366366,0.014136,1.946371,1.946371,0.755554,0.755554,1000.000000,1000.000000
0.367367,0.014126,1.946431,1.946431,0.755530,0.755530,1000.000000,1000.000000
0.368368,0.014116,1.946491,1.946491,0.755507,0.755507,1000.000000,1000.000000
0.369369,0.014106,1.946552,1.946552,0.755484,0.755484,1000.000000,1000.000000
0.370370,0.014096,1.946612,1.946612,0.755460,0.755460,1000.000000,1000.000000
0.371371,0.014086,1.946672,1.946672,0.755437,0.755437,1000.000000,1000.000000
0.372372,0.014076,1.946733,1.946733,0.755414,0.755414,1000.000000,1000.000000
0.373373,0.014066,1.946793,1.946793,0.755390,0.755390,1000.000000,1000.000000
0.374374,0.014056,1.946854,1.946854,0.755367,0.755367,1000.000000,1000.000000
0.375375,0.014046,1.946915,1.946915,0.755343,0.755343,1000.000000,1000.000000
0.376376,0.014036,1.946975,1.946975,0.755319,0.755319,1000.000000,1000.000000
0.377377,0.014026,1.947036,1.947036,0.755296,0.755296,1000.000000,1000.000000
0.378378,0.014016,1.947097,1.947097,0.755272,0.755272,1000.000000,1000.000000
0.379379,0.014006,1.947158,1.947158,0.755248,0.755248,1000.000000,1000.000000
0.380380,0.013996,1.947219,1.947219,0.755225,0.755225,1000.000000,1000.000000
0.381381,0.013986,1.947280,1.947280,0.755201,0.755201,1000.000000,1000.000000
0.382382,0.013976,1.947342,1.947342,0.755177,0.755177,1000.000000,1000.000000
0.383383,0.013966,1.947403,1.947403,0.755154,0.755154,1000.000000,1000.000000
0.384384,0.013956,1.947464,1.947464,0.755130,0.755130,1000.000000,1000.000000
0.385385,0.013946,1.947526,1.947526,0.755106,0.755106,1000.000000,1000.000000
0.386386,0.013936,1.947588,1.947588,0.755082,0.755082,1000.000000,1000.000000
0.387387,0.013926,1.947649,1.947649,0.755058,0.755058,1000.000000,1000.000000
0.388388,0.013916,1.947711,1.947711,0.755034,0.755034,1000.000000,1000.000000
0.389389,0.013906,1.947773,1.947773,0.755010,0.755010,1000.000000,1000.000000
0.390390,0.013896,1.947835,1.947835,0.754986,0.754986,1000.000000,1000.000000
0.391391,0.013886,1.947897,1.947897,0.754962,0.754962,1000.000000,1000.000000
0.392392,0.013876,1.947959,1.947959,0.754938,0.754938,1000.000000,1000.000000
0.393393,0.013866,1.948021,1.948021,0.754914,0.754914,1000.000000,1000.000000
0.394394,0.013856,1.948084,1.948084,0.754890,0.754890,1000.000000,1000.000000
0.395395,0.013846,1.948146,1.948146,0.754866,0.754866,1000.000000,1000.000000
0.396396,0.013836,1.948208,1.948208,0.754841,0.754841,1000.000000,1000.000000
0.397397,0.013826,1.948271,1.948271,0.754817,0.754817,1000.000000,1000.000000
0.398398,0.013816,1.948334,1.948334,0.754793,0.754793,1000.000000,1000.000000
0.399399,0.013806,1.948396,1.948396,0.754769,0.754769,1000.000000,1000.000000
0.400400,0.013796,1.948459,1.948459,0.754744,0.754744,1000.000000,1000.000000
0.401401,0.013786,1.948522,1.948522,0.754720,0.754720,1000.000000,1000.000000
0.402402,0.013776,1.948585,1.948585,0.754695,0.754695,1000.000000,1000.000000
0.403403,0.013766,1.948648,1.948648,0.754671,0.754671,1000.000000,1000.000000
0.404404,0.013756,1.948711,1.948711,0.754647,0.754647,1000.000000,1000.000000
0.405405,0.013746,1.948775,1.948775,0.754622,0.754622,1000.000000,1000.000000
0.406406,0.013736,1.948838,1.948838,0.754598,0.754598,1000.000000,1000.000000
0.407407,0.013726,1.948901,1.948901,0.754573,0.754573,1000.000000,1000.000000
0.408408,0.013716,1.948965,1.948965,0.754548,0.754548,1000.000000,1000.000000
0.409409,0.013706,1.949028,1.949028,0.754524,0.754524,1000.000000,1000.000000
0.410410,0.013696,1.949092,1.949092,0.754499,0.754499,1000.000000,1000.000000
0.411411,0.013686,1.949156,1.949156,0.754474,0.754474,1000.000000,1000.000000
0.412412,0.013676,1.949220,1.949220,0.754450,0.754450,1000.000000,1000.000000
0.413413,0.013666,1.949284,1.949284,0.754425,0.754425,1000.000000,1000.000000
0.414414,0.013656,1.949348,1.949348,0.754400,0.754400,1000.000000,1000.000000
0.415415,0.013646,1.949412,1.949412,0.754375,0.754375,1000.000000,1000.000000
0.416416,0.013636,1.949476,1.949476,0.754350,0.754350,1000.000000,1000.000000
0.417417,0.013626,1.949541,1.949541,0.754326,0.754326,1000.000000,1000.000000
0.418418,0.013616,1.949605,1.949605,0.754301,0.754301,1000.000000,1000.000000
0.419419,0.013606,1.949670,1.949670,0.754276,0.754276,1000.000000,1000.000000
0.420420,0.013596,1.949734,1.949734,0.754251,0.754251,1000.000000,1000.000000
0.421421,0.013586,1.949799,1.949799,0.754226,0.754226,1000.000000,1000.000000
0.422422,0.013576,1.949864,1.949864,0.754201,0.754201,1000.000000,1000.000000
0.423423,0.013566,1.949928,1.949928,0.754175,0.754175,1000.000000,1000.000000
0.424424,0.013556,1.949993,1.949993,0.754150,0.754150,1000.000000,1000.000000
0.425425,0.013546,1.950058,1.950058,0.754125,0.754125,1000.000000,1000.000000
0.426426,0.013536,1.950124,1.950124,0.754100,0.754100,1000.000000,1000.000000
0.427427,0.013526,1.950189,1.950189,0.754075,0.754075,1000.000000,1000.000000
0.428428,0.013516,1.950254,1.950254,0.754050,0.754050,1000.000000,1000.000000
0.429429,0.013506,1.950320,1.950320,0.754024,0.754024,1000.000000,1000.000000
0.430430,0.013496,1.950385,1.950385,0.753999,0.753999,1000.000000,1000.000000
0.431431,0.013486,1.950451,1.950451,0.753974,0.753974,1000.000000,1000.000000
0.432432,0.013476,1.950516,1.950516,0.753948,0.753948,1000.000000,1000.000000
0.433433,0.013466,1.950582,1.950582,0.753923,0.753923,1000.000000,1000.000000
0.434434,0.013456,1.950648,1.950648,0.753897,0.753897,1000.000000,1000.000000
0.435435,0.013446,1.950714,1.950714,0.753872,0.753872,1000.000000,1000.000000
0.436436,0.013436,1.950780,1.950780,0.753846,0.753846,1000.000000,1000.000000
0.437437,0.013426,1.950846,1.950846,0.753821,0.753821,1000.000000,1000.000000
0.438438,0.013416,1.950913,1.950913,0.753795,0.753795,1000.000000,1000.000000
0.439439,0.013406,1.950979,1.950979,0.753769,0.753769,1000.000000,1000.000000
0.440440,0.013396,1.951046,1.951046,0.753744,0.753744,1000.000000,1000.000000
0.441441,0.013386,1.951112,1.951112,0.753718,0.753718,1000.000000,1000.000000
0.442442,0.013376,1.951179,1.951179,0.753692,0.753692,1000.000000,1000.000000
0.443443,0.013366,1.951246,1.951246,0.753666,0.753666,1000.000000,1000.000000
0.444444,0.013356,1.951312,1.951312,0.753641,0.753641,1000.000000,1000.000000
0.445445,0.013346,1.951379,1.951379,0.753615,0.753615,1000.000000,1000.000000
0.446446,0.013336,1.951446,1.951446,0.753589,0.753589,1000.000000,1000.000000
0.447447,0.013326,1.951513,1.951513,0.753563,0.753563,1000.000000,1000.000000
0.448448,0.013316,1.951581,1.951581,0.753537,0.753537,1000.000000,1000.000000
0.449449,0.013306,1.951648,1.951648,0.753511,0.753511,1000.000000,1000.000000
0.450450,0.013295,1.951715,1.951715,0.753485,0.753485,1000.000000,1000.000000
0.451451,0.013285,1.951783,1.951783,0.753459,0.753459,1000.000000,1000.000000
0.452452,0.013275,1.951851,1.951851,0.753433,0.753433,1000.000000,1000.000000
0.453453,0.013265,1.951918,1.951918,0.753407,0.753407,1000.000000,1000.000000
0.454454,0.013255,1.951986,1.951986,0.753380,0.753380,1000.000000,1000.000000
0.455455,0.013245,1.952054,1.952054,0.753354,0.753354,1000.000000,1000.000000
0.456456,0.013235,1.952122,1.952122,0.753328,0.753328,1000.000000,1000.000000
0.457457,0.013225,1.952190,1.952190,0.753302,0.753302,1000.000000,1000.000000
0.458458,0.013215,1.952258,1.952258,0.753275,0.753275,1000.000000,1000.000000
0.459459,0.013205,1.952327,1.952327,0.753249,0.753249,1000.000000,1000.000000
0.460460,0.013195,1.952395,1.952395,0.753223,0.753223,1000.000000,1000.000000
0.461461,0.013185,1.952464,1.952464,0.753196,0.753196,1000.000000,1000.000000
0.462462,0.013175,1.952532,1.952532,0.753170,0.753170,1000.000000,1000.000000
0.463463,0.013165,1.952601,1.952601,0.753143,0.753143,1000.000000,1000.000000
0.464464,0.013155,1.952670,1.952670,0.753117,0.753117,1000.000000,1000.000000
0.465465,0.013145,1.952739,1.952739,0.753090,0.753090,1000.000000,1000.000000
0.466466,0.013135,1.952808,1.952808,0.753064,0.753064,1000.000000,1000.000000
0.467467,0.013125,1.952877,1.952877,0.753037,0.753037,1000.000000,1000.000000
0.468468,0.013115,1.952946,1.952946,0.753010,0.753010,1000.000000,1000.000000
0.469469,0.013105,1.953015,1.953015,0.752983,0.752983,1000.000000,1000.000000
0.470470,0.013095,1.953085,1.953085,0.752957,0.752957,1000.000000,1000.000000
0.471471,0.013085,1.953154,1.953154,0.752930,0.752930,1000.000000,1000.000000
0.472472,0.013075,1.953224,1.953224,0.752903,0.752903,1000.000000,1000.000000
0.473473,0.013065,1.953293,1.953293,0.752876,0.752876,1000.000000,1000.000000
0.474474,0.013055,1.953363,1.953363,0.752849,0.752849,1000.000000,1000.000000
0.475475,0.013045,1.953433,1.953433,0.752822,0.752822,1000.000000,1000.000000
0.476476,0.013035,1.953503,1.953503,0.752795,0.752795,1000.000000,1000.000000
0.477477,0.013025,1.953573,1.953573,0.752768,0.752768,1000.000000,1000.000000
0.478478,0.013015,1.953644,1.953644,0.752741,0.752741,1000.000000,1000.000000
0.479479,0.013005,1.953714,1.953714,0.752714,0.752714,1000.000000,1000.000000
0.480480,0.012995,1.953784,1.953784,0.752687,0.752687,1000.000000,1000.000000
0.481481,0.012985,1.953855,1.953855,0.752660,0.752660,1000.000000,1000.000000
0.482482,0.012975,1.953926,1.953926,0.752633,0.752633,1000.000000,1000.000000
0.483483,0.012965,1.953996,1.953996,0.752605,0.752605,1000.000000,1000.000000
0.484484,0.012955,1.954067,1.954067,0.752578,0.752578,1000.000000,1000.000000
0.485485,0.012945,1.954138,1.954138,0.752551,0.752551,1000.000000,1000.000000
0.486486,0.012935,1.954209,1.954209,0.752523,0.752523,1000.000000,1000.000000
0.487487,0.012925,1.954280,1.954280,0.752496,0.752496,1000.000000,1000.000000
0.488488,0.012915,1.954352,1.954352,0.752469,0.752469,1000.000000,1000.000000
0.489489,0.012905,1.954423,1.954423,0.752441,0.752441,1000.000000,1000.000000
0.490490,0.012895,1.954494,1.954494,0.752414,0.752414,1000.000000,1000.000000
0.491491,0.012885,1.954566,1.954566,0.752386,0.752386,1000.000000,1000.000000
0.492492,0.012875,1.954638,1.954638,0.752358,0.752358,1000.000000,1000.000000
0.493493,0.012865,1.954710,1.954710,0.752331,0.752331,1000.000000,1000.000000
0.494494,0.012855,1.954781,1.954781,0.752303,0.752303,1000.000000,1000.000000
0.495495,0.012845,1.954854,1.954854,0.752275,0.752275,1000.000000,1000.000000
0.496496,0.012835,1.954926,1.954926,0.752248,0.752248,1000.000000,1000.000000
0.497497,0.012825,1.954998,1.954998,0.752220,0.752220,1000.000000,1000.000000
0.498498,0.012815,1.955070,1.955070,0.752192,0.752192,1000.000000,1000.000000
0.499499,0.012805,1.955143,1.955143,0.752164,0.752164,1000.000000,1000.000000
0.500501,0.012795,1.955215,1.955215,0.752136,0.752136,1000.000000,1000.000000
0.501502,0.012785,1.955288,1.955288,0.752108,0.752108,1000.000000,1000.000000
0.502503,0.012775,1.955361,1.955361,0.752080,0.752080,1000.000000,1000.000000
0.503504,0.012765,1.955434,1.955434,0.752052,0.752052,1000.000000,1000.000000
0.504505,0.012755,1.955507,1.955507,0.752024,0.752024,1000.000000,1000.000000
0.505506,0.012745,1.955580,1.955580,0.751996,0.751996,1000.000000,1000.000000
0.506507,0.012735,1.955653,1.955653,0.751968,0.751968,1000.000000,1000.000000
0.507508,0.012725,1.955726,1.955726,0.751940,0.751940,1000.000000,1000.000000
0.508509,0.012715,1.955800,1.955800,0.751912,0.751912,1000.000000,1000.000000
0.509510,0.012705,1.955873,1.955873,0.751883,0.751883,1000.000000,1000.000000
0.510511,0.012695,1.955947,1.955947,0.751855,0.751855,1000.000000,1000.000000
0.511512,0.012685,1.956021,1.956021,0.751827,0.751827,1000.000000,1000.000000
0.512513,0.012675,1.956094,1.956094,0.751798,0.751798,1000.000000,1000.000000
0.513514,0.012665,1.956168,1.956168,0.751770,0.751770,1000.000000,1000.000000
0.514515,0.012655,1.956243,1.956243,0.751741,0.751741,1000.000000,1000.000000
0.515516,0.012645,1.956317,1.956317,0.751713,0.751713,1000.000000,1000.000000
0.516517,0.012635,1.956391,1.956391,0.751684,0.751684,1000.000000,1000.000000
0.517518,0.012625,1.956466,1.956466,0.751656,0.751656,1000.000000,1000.000000
0.518519,0.012615,1.956540,1.956540,0.751627,0.751627,1000.000000,1000.000000
0.519520,0.012605,1.956615,1.956615,0.751598,0.751598,1000.000000,1000.000000
0.520521,0.012595,1.956690,1.956690,0.751570,0.751570,1000.000000,1000.000000
0.521522,0.012585,1.956764,1.956764,0.751541,0.751541,1000.000000,1000.000000
0.522523,0.012575,1.956839,1.956839,0.751512,0.751512,1000.000000,1000.000000
0.523524,0.012565,1.956915,1.956915,0.751483,0.751483,1000.000000,1000.000000
0.524525,0.012555,1.956990,1.956990,0.751454,0.751454,1000.000000,1000.000000
0.525526,0.012545,1.957065,1.957065,0.751425,0.751425,1000.000000,1000.000000
0.526527,0.012535,1.957141,1.957141,0.751396,0.751396,1000.000000,1000.000000
0.527528,0.012525,1.957216,1.957216,0.751367,0.751367,1000.000000,1000.000000
0.528529,0.012515,1.957292,1.957292,0.751338,0.751338,1000.000000,1000.000000
0.529530,0.012505,1.957368,1.957368,0.751309,0.751309,1000.000000,1000.000000
0.530531,0.012495,1.957444,1.957444,0.751280,0.751280,1000.000000,1000.000000
0.531532,0.012485,1.957520,1.957520,0.751251,0.751251,1000.000000,1000.000000
0.532533,0.012475,1.957596,1.957596,0.751222,0.751222,1000.000000,1000.000000
0.533534,0.012465,1.957672,1.957672,0.751192,0.751192,1000.000000,1000.000000
0.534535,0.012455,1.957749,1.957749,0.751163,0.751163,1000.000000,1000.000000
0.535536,0.012445,1.957825,1.957825,0.751134,0.751134,1000.000000,1000.000000
0.536537,0.012435,1.957902,1.957902,0.751104,0.751104,1000.000000,1000.000000
0.537538,0.012425,1.957978,1.957978,0.751075,0.751075,1000.000000,1000.000000
0.538539,0.012415,1.958055,1.958055,0.751045,0.751045,1000.000000,1000.000000
0.539540,0.012405,1.958132,1.958132,0.751016,0.751016,1000.000000,1000.000000
0.540541,0.012395,1.958209,1.958209,0.750986,0.750986,1000.000000,1000.000000
0.541542,0.012385,1.958287,1.958287,0.750957,0.750957,1000.000000,1000.000000
0.542543,0.012375,1.958364,1.958364,0.750927,0.750927,1000.000000,1000.000000
0.543544,0.012365,1.958441,1.958441,0.750897,0.750897,1000.000000,1000.000000
0.544545,0.012355,1.958519,1.958519,0.750868,0.750868,1000.000000,1000.000000
0.545546,0.012345,1.958597,1.958597,0.750838,0.750838,1000.000000,1000.000000
0.546547,0.012335,1.958674,1.958674,0.750808,0.750808,1000.000000,1000.000000
0.547548,0.012325,1.958752,1.958752,0.750778,0.750778,1000.000000,1000.000000
0.548549,0.012315,1.958830,1.958830,0.750748,0.750748,1000.000000,1000.000000
0.549550,0.012305,1.958909,1.958909,0.750718,0.750718,1000.000000,1000.000000
0.550551,0.012294,1.958987,1.958987,0.750688,0.750688,1000.000000,1000.000000
0.551552,0.012284,1.959065,1.959065,0.750658,0.750658,1000.000000,1000.000000
0.552553,0.012274,1.959144,1.959144,0.750628,0.750628,1000.000000,1000.000000
0.553554,0.012264,1.959223,1.959223,0.750598,0.750598,1000.000000,1000.000000
0.554555,0.012254,1.959301,1.959301,0.750568,0.750568,1000.000000,1000.000000
0.555556,0.012244,1.959380,1.959380,0.750537,0.750537,1000.000000,1000.000000
0.556557,0.012234,1.959459,1.959459,0.750507,0.750507,1000.000000,1000.000000
0.557558,0.012224,1.959539,1.959539,0.750477,0.750477,1000.000000,1000.000000
0.558559,0.012214,1.959618,1.959618,0.750446,0.750446,1000.000000,1000.000000
0.559560,0.012204,1.959697,1.959697,0.750416,0.750416,1000.000000,1000.000000
0.560561,0.012194,1.959777,1.959777,0.750386,0.750386,1000.000000,1000.000000
0.561562,0.012184,1.959856,1.959856,0.750355,0.750355,1000.000000,1000.000000
0.562563,0.012174,1.959936,1.959936,0.750325,0.750325,1000.000000,1000.000000
0.563564,0.012164,1.960016,1.960016,0.750294,0.750294,1000.000000,1000.000000
0.564565,0.012154,1.960096,1.960096,0.750263,0.750263,1000.000000,1000.000000
0.565566,0.012144,1.960176,1.960176,0.750233,0.750233,1000.000000,1000.000000
0.566567,0.012134,1.960257,1.960257,0.750202,0.750202,1000.000000,1000.000000
0.567568,0.012124,1.960337,1.960337,0.750171,0.750171,1000.000000,1000.000000
0.568569,0.012114,1.960418,1.960418,0.750140,0.750140,1000.000000,1000.000000
0.569570,0.012104,1.960498,1.960498,0.750109,0.750109,1000.000000,1000.000000
0.570571,0.012094,1.960579,1.960579,0.750079,0.750079,1000.000000,1000.000000
0.571572,0.012084,1.960660,1.960660,0.750048,0.750048,1000.000000,1000.000000
0.572573,0.012074,1.960741,1.960741,0.750017,0.750017,1000.000000,1000.000000
0.573574,0.012064,1.960822,1.960822,0.749986,0.749986,1000.000000,1000.000000
0.574575,0.012054,1.960903,1.960903,0.749954,0.749954,1000.000000,1000.000000
0.575576,0.012044,1.960985,1.960985,0.749923,0.749923,1000.000000,1000.000000
0.576577,0.012034,1.961067,1.961067,0.749892,0.749892,1000.000000,1000.000000
0.577578,0.012024,1.961148,1.961148,0.749861,0.749861,1000.000000,1000.000000
0.578579,0.012014,1.961230,1.961230,0.749830,0.749830,1000.000000,1000.000000
0.579580,0.012004,1.961312,1.961312,0.749798,0.749798,1000.000000,1000.000000
0.580581,0.011994,1.961394,1.961394,0.749767,0.749767,1000.000000,1000.000000
0.581582,0.011984,1.961476,1.961476,0.749735,0.749735,1000.000000,1000.000000
0.582583,0.011974,1.961559,1.961559,0.749704,0.749704,1000.000000,1000.000000
0.583584,0.011964,1.961641,1.961641,0.749672,0.749672,1000.000000,1000.000000
0.584585,0.011954,1.961724,1.961724,0.749641,0.749641,1000.000000,1000.000000
0.585586,0.011944,1.961806,1.961806,0.749609,0.749609,1000.000000,1000.000000
0.586587,0.011934,1.961889,1.961889,0.749578,0.749578,1000.000000,1000.000000
0.587588,0.011924,1.961972,1.961972,0.749546,0.749546,1000.000000,1000.000000
0.588589,0.011914,1.962056,1.962056,0.749514,0.749514,1000.000000,1000.000000
0.589590,0.011904,1.962139,1.962139,0.749482,0.749482,1000.000000,1000.000000
0.590591,0.011894,1.962222,1.962222,0.749450,0.749450,1000.000000,1000.000000
0.591592,0.011884,1.962306,1.962306,0.749419,0.749419,1000.000000,1000.000000
0.592593,0.011874,1.962389,1.962389,0.749387,0.749387,1000.000000,1000.000000
0.593594,0.011864,1.962473,1.962473,0.749355,0.749355,1000.000000,1000.000000
0.594595,0.011854,1.962557,1.962557,0.749322,0.749322,1000.000000,1000.000000
0.595596,0.011844,1.962641,1.962641,0.749290,0.749290,1000.000000,1000.000000
0.596597,0.011834,1.962725,1.962725,0.749258,0.749258,1000.000000,1000.000000
0.597598,0.011824,1.962810,1.962810,0.749226,0.749226,1000.000000,1000.000000
0.598599,0.011814,1.962894,1.962894,0.749194,0.749194,1000.000000,1000.000000
0.599600,0.011804,1.962979,1.962979,0.749161,0.749161,1000.000000,1000.000000
0.600601,0.011794,1.963064,1.963064,0.749129,0.749129,1000.000000,1000.000000
0.601602,0.011784,1.963149,1.963149,0.749097,0.749097,1000.000000,1000.000000
0.602603,0.011774,1.963234,1.963234,0.749064,0.749064,1000.000000,1000.000000
0.603604,0.011764,1.963319,1.963319,0.749032,0.749032,1000.000000,1000.000000
0.604605,0.011754,1.963404,1.963404,0.748999,0.748999,1000.000000,1000.000000
0.605606,0.011744,1.963490,1.963490,0.748967,0.748967,1000.000000,1000.000000
0.606607,0.011734,1.963575,1.963575,0.748934,0.748934,1000.000000,1000.000000
0.607608,0.011724,1.963661,1.963661,0.748901,0.748901,1000.000000,1000.000000
0.608609,0.011714,1.963747,1.963747,0.748869,0.748869,1000.000000,1000.000000
0.609610,0.011704,1.963833,1.963833,0.748836,0.748836,1000.000000,1000.000000
0.610611,0.011694,1.963919,1.963919,0.748803,0.748803,1000.000000,1000.000000
0.611612,0.011684,1.964005,1.964005,0.748770,0.748770,1000.000000,1000.000000
0.612613,0.011674,1.964092,1.964092,0.748737,0.748737,1000.000000,1000.000000
0.613614,0.011664,1.964178,1.964178,0.748704,0.748704,1000.000000,1000.000000
0.614615,0.011654,1.964265,1.964265,0.748671,0.748671,1000.000000,1000.000000
0.615616,0.011644,1.964352,1.964352,0.748638,0.748638,1000.000000,1000.000000
0.616617,0.011634,1.964439,1.964439,0.748605,0.748605,1000.000000,1000.000000
0.617618,0.011624,1.964526,1.964526,0.748572,0.748572,1000.000000,1000.000000
0.618619,0.011614,1.964613,1.964613,0.748538,0.748538,1000.000000,1000.000000
0.619620,0.011604,1.964701,1.964701,0.748505,0.748505,1000.000000,1000.000000
0.620621,0.011594,1.964788,1.964788,0.748472,0.748472,1000.000000,1000.000000
0.621622,0.011584,1.964876,1.964876,0.748438,0.748438,1000.000000,1000.000000
0.622623,0.011574,1.964964,1.964964,0.748405,0.748405,1000.000000,1000.000000
0.623624,0.011564,1.965052,1.965052,0.748371,0.748371,1000.000000,1000.000000
0.624625,0.011554,1.965140,1.965140,0.748338,0.748338,1000.000000,1000.000000
0.625626,0.011544,1.965228,1.965228,0.748304,0.748304,1000.000000,1000.000000
0.626627,0.011534,1.965317,1.965317,0.748270,0.748270,1000.000000,1000.000000
0.627628,0.011524,1.965405,1.965405,0.748237,0.748237,1000.000000,1000.000000
0.628629,0.011514,1.965494,1.965494,0.748203,0.748203,1000.000000,1000.000000
0.629630,0.011504,1.965583,1.965583,0.748169,0.748169,1000.000000,1000.000000
0.630631,0.011494,1.965672,1.965672,0.748135,0.748135,1000.000000,1000.000000
0.631632,0.011484,1.965761,1.965761,0.748101,0.748101,1000.000000,1000.000000
0.632633,0.011474,1.965850,1.965850,0.748067,0.748067,1000.000000,1000.000000
0.633634,0.011464,1.965940,1.965940,0.748033,0.748033,1000.000000,1000.000000
0.634635,0.011454,1.966030,1.966030,0.747999,0.747999,1000.000000,1000.000000
0.635636,0.011444,1.966119,1.966119,0.747965,0.747965,1000.000000,1000.000000
0.636637,0.011434,1.966209,1.966209,0.747931,0.747931,1000.000000,1000.000000
0.637638,0.011424,1.966299,1.966299,0.747896,0.747896,1000.000000,1000.000000
0.638639,0.011414,1.966390,1.966390,0.747862,0.747862,1000.000000,1000.000000
0.639640,0.011404,1.966480,1.966480,0.747828,0.747828,1000.000000,1000.000000
0.640641,0.011394,1.966570,1.966570,0.747793,0.747793,1000.000000,1000.000000
0.641642,0.011384,1.966661,1.966661,0.747759,0.747759,1000.000000,1000.000000
0.642643,0.011374,1.966752,1.966752,0.747724,0.747724,1000.000000,1000.000000
0.643644,0.011364,1.966843,1.966843,0.747690,0.747690,1000.000000,1000.000000
0.644645,0.011354,1.966934,1.966934,0.747655,0.747655,1000.000000,1000.000000
0.645646,0.011344,1.967025,1.967025,0.747620,0.747620,1000.000000,1000.000000
0.646647,0.011334,1.967117,1.967117,0.747586,0.747586,1000.000000,1000.000000
0.647648,0.011324,1.967208,1.967208,0.747551,0.747551,1000.000000,1000.000000
0.648649,0.011314,1.967300,1.967300,0.747516,0.747516,1000.000000,1000.000000
0.649650,0.011304,1.967392,1.967392,0.747481,0.747481,1000.000000,1000.000000
0.650651,0.011293,1.967484,1.967484,0.747446,0.747446,1000.000000,1000.000000
0.651652,0.011283,1.967576,1.967576,0.747411,0.747411,1000.000000,1000.000000
0.652653,0.011273,1.967669,1.967669,0.747376,0.747376,1000.000000,1000.000000
0.653654,0.011263,1.967761,1.967761,0.747341,0.747341,1000.000000,1000.000000
0.654655,0.011253,1.967854,1.967854,0.747306,0.747306,1000.000000,1000.000000
0.655656,0.011243,1.967947,1.967947,0.747270,0.747270,1000.000000,1000.000000
0.656657,0.011233,1.968040,1.968040,0.747235,0.747235,1000.000000,1000.000000
0.657658,0.011223,1.968133,1.968133,0.747200,0.747200,1000.000000,1000.000000
0.658659,0.011213,1.968226,1.968226,0.747164,0.747164,1000.000000,1000.000000
0.659660,0.011203,1.968320,1.968320,0.747129,0.747129,1000.000000,1000.000000
0.660661,0.011193,1.968413,1.968413,0.747093,0.747093,1000.000000,1000.000000
0.661662,0.011183,1.968507,1.968507,0.747058,0.747058,1000.000000,1000.000000
0.662663,0.011173,1.968601,1.968601,0.747022,0.747022,1000.000000,1000.000000
0.663664,0.011163,1.968695,1.968695,0.746986,0.746986,1000.000000,1000.000000
0.664665,0.011153,1.968789,1.968789,0.746950,0.746950,1000.000000,1000.000000
0.665666,0.011143,1.968884,1.968884,0.746915,0.746915,1000.000000,1000.000000
0.666667,0.011133,1.968978,1.968978,0.746879,0.746879,1000.000000,1000.000000
0.667668,0.011123,1.969073,1.969073,0.746843,0.746843,1000.000000,1000.000000
0.668669,0.011113,1.969168,1.969168,0.746807,0.746807,1000.000000,1000.000000
0.669670,0.011103,1.969263,1.969263,0.746771,0.746771,1000.000000,1000.000000
0.670671,0.011093,1.969358,1.969358,0.746735,0.746735,1000.000000,1000.000000
0.671672,0.011083,1.969454,1.969454,0.746698,0.746698,1000.000000,1000.000000
0.672673,0.011073,1.969549,1.969549,0.746662,0.746662,1000.000000,1000.000000
0.673674,0.011063,1.969645,1.969645,0.746626,0.746626,1000.000000,1000.000000
0.674675,0.011053,1.969741,1.969741,0.746590,0.746590,1000.000000,1000.000000
0.675676,0.011043,1.969837,1.969837,0.746553,0.746553,1000.000000,1000.000000
0.676677,0.011033,1.969933,1.969933,0.746517,0.746517,1000.000000,1000.000000
0.677678,0.011023,1.970030,1.970030,0.746480,0.746480,1000.000000,1000.000000
0.678679,0.011013,1.970126,1.970126,0.746444,0.746444,1000.000000,1000.000000
0.679680,0.011003,1.970223,1.970223,0.746407,0.746407,1000.000000,1000.000000
0.680681,0.010993,1.970320,1.970320,0.746370,0.746370,1000.000000,1000.000000
0.681682,0.010983,1.970417,1.970417,0.746333,0.746333,1000.000000,1000.000000
0.682683,0.010973,1.970514,1.970514,0.746297,0.746297,1000.000000,1000.000000
0.683684,0.010963,1.970612,1.970612,0.746260,0.746260,1000.000000,1000.000000
0.684685,0.010953,1.970709,1.970709,0.746223,0.746223,1000.000000,1000.000000
0.685686,0.010943,1.970807,1.970807,0.746186,0.746186,1000.000000,1000.000000
0.686687,0.010933,1.970905,1.970905,0.746149,0.746149,1000.000000,1000.000000
0.687688,0.010923,1.971003,1.971003,0.746112,0.746112,1000.000000,1000.000000
0.688689,0.010913,1.971101,1.971101,0.746074,0.746074,1000.000000,1000.000000
0.689690,0.010903,1.971200,1.971200,0.746037,0.746037,1000.000000,1000.000000
0.690691,0.010893,1.971298,1.971298,0.746000,0.746000,1000.000000,1000.000000
0.691692,0.010883,1.971397,1.971397,0.745962,0.745962,1000.000000,1000.000000
0.692693,0.010873,1.971496,1.971496,0.745925,0.745925,1000.000000,1000.000000
0.693694,0.010863,1.971595,1.971595,0.745888,0.745888,1000.000000,1000.000000
0.694695,0.010853,1.971694,1.971694,0.745850,0.745850,1000.000000,1000.000000
0.695696,0.010843,1.971794,1.971794,0.745812,0.745812,1000.000000,1000.000000
0.696697,0.010833,1.971893,1.971893,0.745775,0.745775,1000.000000,1000.000000
0.697698,0.010823,1.971993,1.971993,0.745737,0.745737,1000.000000,1000.000000
0.698699,0.010813,1.972093,1.972093,0.745699,0.745699,1000.000000,1000.000000
0.699700,0.010803,1.972193,1.972193,0.745661,0.745661,1000.000000,1000.000000
0.700701,0.010793,1.972294,1.972294,0.745623,0.745623,1000.000000,1000.000000
0.701702,0.010783,1.972394,1.972394,0.745585,0.745585,1000.000000,1000.000000
0.702703,0.010773,1.972495,1.972495,0.745547,0.745547,1000.000000,1000.000000
0.703704,0.010763,1.972596,1.972596,0.745509,0.745509,1000.000000,1000.000000
0.704705,0.010753,1.972697,1.972697,0.745471,0.745471,1000.000000,1000.000000
0.705706,0.010743,1.972798,1.972798,0.745433,0.745433,1000.000000,1000.000000
0.706707,0.010733,1.972900,1.972900,0.745394,0.745394,1000.000000,1000.000000
0.707708,0.010723,1.973001,1.973001,0.745356,0.745356,1000.000000,1000.000000
0.708709,0.010713,1.973103,1.973103,0.745318,0.745318,1000.000000,1000.000000
0.709710,0.010703,1.973205,1.973205,0.745279,0.745279,1000.000000,1000.000000
0.710711,0.010693,1.973307,1.973307,0.745240,0.745240,1000.000000,1000.000000
0.711712,0.010683,1.973409,1.973409,0.745202,0.745202,1000.000000,1000.000000
0.712713,0.010673,1.973512,1.973512,0.745163,0.745163,1000.000000,1000.000000
0.713714,0.010663,1.973614,1.973614,0.745124,0.745124,1000.000000,1000.000000
0.714715,0.010653,1.973717,1.973717,0.745086,0.745086,1000.000000,1000.000000
0.715716,0.010643,1.973820,1.973820,0.745047,0.745047,1000.000000,1000.000000
0.716717,0.010633,1.973924,1.973924,0.745008,0.745008,1000.000000,1000.000000
0.717718,0.010623,1.974027,1.974027,0.744969,0.744969,1000.000000,1000.000000
0.718719,0.010613,1.974131,1.974131,0.744930,0.744930,1000.000000,1000.000000
0.719720,0.010603,1.974234,1.974234,0.744890,0.744890,1000.000000,1000.000000
0.720721,0.010593,1.974338,1.974338,0.744851,0.744851,1000.000000,1000.000000
0.721722,0.010583,1.974442,1.974442,0.744812,0.744812,1000.000000,1000.000000
0.722723,0.010573,1.974547,1.974547,0.744773,0.744773,1000.000000,1000.000000
0.723724,0.010563,1.974651,1.974651,0.744733,0.744733,1000.000000,1000.000000
0.724725,0.010553,1.974756,1.974756,0.744694,0.744694,1000.000000,1000.000000
0.725726,0.010543,1.974861,1.974861,0.744654,0.744654,1000.000000,1000.000000
0.726727,0.010533,1.974966,1.974966,0.744614,0.744614,1000.000000,1000.000000
0.727728,0.010523,1.975071,1.975071,0.744575,0.744575,1000.000000,1000.000000
0.728729,0.010513,1.975177,1.975177,0.744535,0.744535,1000.000000,1000.000000
0.729730,0.010503,1.975283,1.975283,0.744495,0.744495,1000.000000,1000.000000
0.730731,0.010493,1.975388,1.975388,0.744455,0.744455,1000.000000,1000.000000
0.731732,0.010483,1.975494,1.975494,0.744415,0.744415,1000.000000,1000.000000
0.732733,0.010473,1.975601,1.975601,0.744375,0.744375,1000.000000,1000.000000
0.733734,0.010463,1.975707,1.975707,0.744335,0.744335,1000.000000,1000.000000
0.734735,0.010453,1.975814,1.975814,0.744295,0.744295,1000.000000,1000.000000
0.735736,0.010443,1.975921,1.975921,0.744255,0.744255,1000.000000,1000.000000
0.736737,0.010433,1.976028,1.976028,0.744214,0.744214,1000.000000,1000.000000
0.737738,0.010423,1.976135,1.976135,0.744174,0.744174,1000.000000,1000.000000
0.738739,0.010413,1.976242,1.976242,0.744134,0.744134,1000.000000,1000.000000
0.739740,0.010403,1.976350,1.976350,0.744093,0.744093,1000.000000,1000.000000
0.740741,0.010393,1.976458,1.976458,0.744053,0.744053,1000.000000,1000.000000
0.741742,0.010383,1.976566,1.976566,0.744012,0.744012,1000.000000,1000.000000
0.742743,0.010373,1.976674,1.976674,0.743971,0.743971,1000.000000,1000.000000
0.743744,0.010363,1.976782,1.976782,0.743930,0.743930,1000.000000,1000.000000
0.744745,0.010353,1.976891,1.976891,0.743889,0.743889,1000.000000,1000.000000
0.745746,0.010343,1.977000,1.977000,0.743849,0.743849,1000.000000,1000.000000
0.746747,0.010333,1.977109,1.977109,0.743808,0.743808,1000.000000,1000.000000
0.747748,0.010323,1.977218,1.977218,0.743766,0.743766,1000.000000,1000.000000
0.748749,0.010313,1.977327,1.977327,0.743725,0.743725,1000.000000,1000.000000
0.749750,0.010303,1.977437,1.977437,0.743684,0.743684,1000.000000,1000.000000
0.750751,0.010292,1.977546,1.977546,0.743643,0.743643,1000.000000,1000.000000
0.751752,0.010282,1.977656,1.977656,0.743601,0.743601,1000.000000,1000.000000
0.752753,0.010272,1.977767,1.977767,0.743560,0.743560,1000.000000,1000.000000
0.753754,0.010262,1.977877,1.977877,0.743519,0.743519,1000.000000,1000.000000
0.754755,0.010252,1.977988,1.977988,0.743477,0.743477,1000.000000,1000.000000
0.755756,0.010242,1.978099,1.978099,0.743435,0.743435,1000.000000,1000.000000
0.756757,0.010232,1.978210,1.978210,0.743394,0.743394,1000.000000,1000.000000
0.757758,0.010222,1.978321,1.978321,0.743352,0.743352,1000.000000,1000.000000
0.758759,0.010212,1.978432,1.978432,0.743310,0.743310,1000.000000,1000.000000
0.759760,0.010202,1.978544,1.978544,0.743268,0.743268,1000.000000,1000.000000
0.760761,0.010192,1.978656,1.978656,0.743226,0.743226,1000.000000,1000.000000
0.761762,0.010182,1.978768,1.978768,0.743184,0.743184,1000.000000,1000.000000
0.762763,0.010172,1.978880,1.978880,0.743142,0.743142,1000.000000,1000.000000
0.763764,0.010162,1.978992,1.978992,0.743099,0.743099,1000.000000,1000.000000
0.764765,0.010152,1.979105,1.979105,0.743057,0.743057,1000.000000,1000.000000
0.765766,0.010142,1.979218,1.979218,0.743015,0.743015,1000.000000,1000.000000
0.766767,0.010132,1.979331,1.979331,0.742972,0.742972,1000.000000,1000.000000
0.767768,0.010122,1.979444,1.979444,0.742930,0.742930,1000.000000,1000.000000
0.768769,0.010112,1.979558,1.979558,0.742887,0.742887,1000.000000,1000.000000
0.769770,0.010102,1.979672,1.979672,0.742844,0.742844,1000.000000,1000.000000
0.770771,0.010092,1.979786,1.979786,0.742802,0.742802,1000.000000,1000.000000
0.771772,0.010082,1.979900,1.979900,0.742759,0.742759,1000.000000,1000.000000
0.772773,0.010072,1.980014,1.980014,0.742716,0.742716,1000.000000,1000.000000
0.773774,0.010062,1.980129,1.980129,0.742673,0.742673,1000.000000,1000.000000
0.774775,0.010052,1.980244,1.980244,0.742630,0.742630,1000.000000,1000.000000
0.775776,0.010042,1.980359,1.980359,0.742587,0.742587,1000.000000,1000.000000
0.776777,0.010032,1.980474,1.980474,0.742544,0.742544,1000.000000,1000.000000
0.777778,0.010022,1.980589,1.980589,0.742500,0.742500,1000.000000,1000.000000
0.778779,0.010012,1.980705,1.980705,0.742457,0.742457,1000.000000,1000.000000
0.779780,0.010002,1.980821,1.980821,0.742414,0.742414,1000.000000,1000.000000
0.780781,0.009992,1.980937,1.980937,0.742370,0.742370,1000.000000,1000.000000
0.781782,0.009982,1.981053,1.981053,0.742326,0.742326,1000.000000,1000.000000
0.782783,0.009972,1.981170,1.981170,0.742283,0.742283,1000.000000,1000.000000
0.783784,0.009962,1.981287,1.981287,0.742239,0.742239,1000.000000,1000.000000
0.784785,0.009952,1.981404,1.981404,0.742195,0.742195,1000.000000,1000.000000
0.785786,0.009942,1.981521,1.981521,0.742151,0.742151,1000.000000,1000.000000
0.786787,0.009932,1.981639,1.981639,0.742107,0.742107,1000.000000,1000.000000
0.787788,0.009922,1.981756,1.981756,0.742063,0.742063,1000.000000,1000.000000
0.788789,0.009912,1.981874,1.981874,0.742019,0.742019,1000.000000,1000.000000
0.789790,0.009902,1.981992,1.981992,0.741975,0.741975,1000.000000,1000.000000
0.790791,0.009892,1.982111,1.982111,0.741930,0.741930,1000.000000,1000.000000
0.791792,0.009882,1.982229,1.982229,0.741886,0.741886,1000.000000,1000.000000
0.792793,0.009872,1.982348,1.982348,0.741842,0.741842,1000.000000,1000.000000
0.793794,0.009862,1.982467,1.982467,0.741797,0.741797,1000.000000,1000.000000
0.794795,0.009852,1.982586,1.982586,0.741752,0.741752,1000.000000,1000.000000
0.795796,0.009842,1.982706,1.982706,0.741708,0.741708,1000.000000,1000.000000
0.796797,0.009832,1.982826,1.982826,0.741663,0.741663,1000.000000,1000.000000
0.797798,0.009822,1.982945,1.982945,0.741618,0.741618,1000.000000,1000.000000
0.798799,0.009812,1.983066,1.983066,0.741573,0.741573,1000.000000,1000.000000
0.799800,0.009802,1.983186,1.983186,0.741528,0.741528,1000.000000,1000.000000
0.800801,0.009792,1.983307,1.983307,0.741483,0.741483,1000.000000,1000.000000
0.801802,0.009782,1.983428,1.983428,0.741438,0.741438,1000.000000,1000.000000
0.802803,0.009772,1.983549,1.983549,0.741393,0.741393,1000.000000,1000.000000
0.803804,0.009762,1.983670,1.983670,0.741347,0.741347,1000.000000,1000.000000
0.804805,0.009752,1.983792,1.983792,0.741302,0.741302,1000.000000,1000.000000
0.805806,0.009742,1.983914,1.983914,0.741256,0.741256,1000.000000,1000.000000
0.806807,0.009732,1.984036,1.984036,0.741211,0.741211,1000.000000,1000.000000
0.807808,0.009722,1.984158,1.984158,0.741165,0.741165,1000.000000,1000.000000
0.808809,0.009712,1.984280,1.984280,0.741119,0.741119,1000.000000,1000.000000
0.809810,0.009702,1.984403,1.984403,0.741073,0.741073,1000.000000,1000.000000
0.810811,0.009692,1.984526,1.984526,0.741027,0.741027,1000.000000,1000.000000
0.811812,0.009682,1.984650,1.984650,0.740981,0.740981,1000.000000,1000.000000
0.812813,0.009672,1.984773,1.984773,0.740935,0.740935,1000.000000,1000.000000
0.813814,0.009662,1.984897,1.984897,0.740889,0.740889,1000.000000,1000.000000
0.814815,0.009652,1.985021,1.985021,0.740843,0.740843,1000.000000,1000.000000
0.815816,0.009642,1.985145,1.985145,0.740796,0.740796,1000.000000,1000.000000
0.816817,0.009632,1.985269,1.985269,0.740750,0.740750,1000.000000,1000.000000
0.817818,0.009622,1.985394,1.985394,0.740703,0.740703,1000.000000,1000.000000
0.818819,0.009612,1.985519,1.985519,0.740657,0.740657,1000.000000,1000.000000
0.819820,0.009602,1.985644,1.985644,0.740610,0.740610,1000.000000,1000.000000
0.820821,0.009592,1.985770,1.985770,0.740563,0.740563,1000.000000,1000.000000
0.821822,0.009582,1.985896,1.985896,0.740516,0.740516,1000.000000,1000.000000
0.822823,0.009572,1.986021,1.986021,0.740469,0.740469,1000.000000,1000.000000
0.823824,0.009562,1.986148,1.986148,0.740422,0.740422,1000.000000,1000.000000
0.824825,0.009552,1.986274,1.986274,0.740375,0.740375,1000.000000,1000.000000
0.825826,0.009542,1.986401,1.986401,0.740328,0.740328,1000.000000,1000.000000
0.826827,0.009532,1.986528,1.986528,0.740281,0.740281,1000.000000,1000.000000
0.827828,0.009522,1.986655,1.986655,0.740233,0.740233,1000.000000,1000.000000
0.828829,0.009512,1.986782,1.986782,0.740186,0.740186,1000.000000,1000.000000
0.829830,0.009502,1.986910,1.986910,0.740138,0.740138,1000.000000,1000.000000
0.830831,0.009492,1.987038,1.987038,0.740091,0.740091,1000.000000,1000.000000
0.831832,0.009482,1.987166,1.987166,0.740043,0.740043,1000.000000,1000.000000
0.832833,0.009472,1.987295,1.987295,0.739995,0.739995,1000.000000,1000.000000
0.833834,0.009462,1.987424,1.987424,0.739947,0.739947,1000.000000,1000.000000
0.834835,0.009452,1.987553,1.987553,0.739899,0.739899,1000.000000,1000.000000
0.835836,0.009442,1.987682,1.987682,0.739851,0.739851,1000.000000,1000.000000
0.836837,0.009432,1.987811,1.987811,0.739803,0.739803,1000.000000,1000.000000
0.837838,0.009422,1.987941,1.987941,0.739754,0.739754,1000.000000,1000.000000
0.838839,0.009412,1.988071,1.988071,0.739706,0.739706,1000.000000,1000.000000
0.839840,0.009402,1.988201,1.988201,0.739658,0.739658,1000.000000,1000.000000
0.840841,0.009392,1.988332,1.988332,0.739609,0.739609,1000.000000,1000.000000
0.841842,0.009382,1.988463,1.988463,0.739560,0.739560,1000.000000,1000.000000
0.842843,0.009372,1.988594,1.988594,0.739512,0.739512,1000.000000,1000.000000
0.843844,0.009362,1.988725,1.988725,0.739463,0.739463,1000.000000,1000.000000
0.844845,0.009352,1.988857,1.988857,0.739414,0.739414,1000.000000,1000.000000
0.845846,0.009342,1.988989,1.988989,0.739365,0.739365,1000.000000,1000.000000
0.846847,0.009332,1.989121,1.989121,0.739316,0.739316,1000.000000,1000.000000
0.847848,0.009322,1.989253,1.989253,0.739266,0.739266,1000.000000,1000.000000
0.848849,0.009312,1.989386,1.989386,0.739217,0.739217,1000.000000,1000.000000
0.849850,0.009302,1.989519,1.989519,0.739168,0.739168,1000.000000,1000.000000
0.850851,0.009291,1.989652,1.989652,0.739118,0.739118,1000.000000,1000.000000
0.851852,0.009281,1.989786,1.989786,0.739069,0.739069,1000.000000,1000.000000
0.852853,0.009271,1.989919,1.989919,0.739019,0.739019,1000.000000,1000.000000
0.853854,0.009261,1.990053,1.990053,0.738969,0.738969,1000.000000,1000.000000
0.854855,0.009251,1.990188,1.990188,0.738919,0.738919,1000.000000,1000.000000
0.855856,0.009241,1.990322,1.990322,0.738869,0.738869,1000.000000,1000.000000
0.856857,0.009231,1.990457,1.990457,0.738819,0.738819,1000.000000,1000.000000
0.857858,0.009221,1.990592,1.990592,0.738769,0.738769,1000.000000,1000.000000
0.858859,0.009211,1.990728,1.990728,0.738719,0.738719,1000.000000,1000.000000
0.859860,0.009201,1.990863,1.990863,0.738669,0.738669,1000.000000,1000.000000
0.860861,0.009191,1.990999,1.990999,0.738618,0.738618,1000.000000,1000.000000
0.861862,0.009181,1.991136,1.991136,0.738568,0.738568,1000.000000,1000.000000
0.862863,0.009171,1.991272,1.991272,0.738517,0.738517,1000.000000,1000.000000
0.863864,0.009161,1.991409,1.991409,0.738466,0.738466,1000.000000,1000.000000
0.864865,0.009151,1.991546,1.991546,0.738415,0.738415,1000.000000,1000.000000
0.865866,0.009141,1.991683,1.991683,0.738364,0.738364,1000.000000,1000.000000
0.866867,0.009131,1.991821,1.991821,0.738313,0.738313,1000.000000,1000.000000
0.867868,0.009121,1.991959,1.991959,0.738262,0.738262,1000.000000,1000.000000
0.868869,0.009111,1.992097,1.992097,0.738211,0.738211,1000.000000,1000.000000
0.869870,0.009101,1.992236,1.992236,0.738160,0.738160,1000.000000,1000.000000
0.870871,0.009091,1.992375,1.992375,0.738108,0.738108,1000.000000,1000.000000
0.871872,0.009081,1.992514,1.992514,0.738057,0.738057,1000.000000,1000.000000
0.872873,0.009071,1.992653,1.992653,0.738005,0.738005,1000.000000,1000.000000
0.873874,0.009061,1.992793,1.992793,0.737953,0.737953,1000.000000,1000.000000
0.874875,0.009051,1.992933,1.992933,0.737902,0.737902,1000.000000,1000.000000
0.875876,0.009041,1.993073,1.993073,0.737850,0.737850,1000.000000,1000.000000
0.876877,0.009031,1.993213,1.993213,0.737798,0.737798,1000.000000,1000.000000
0.877878,0.009021,1.993354,1.993354,0.737746,0.737746,1000.000000,1000.000000
0.878879,0.009011,1.993495,1.993495,0.737693,0.737693,1000.000000,1000.000000
0.879880,0.009001,1.993637,1.993637,0.737641,0.737641,1000.000000,1000.000000
0.880881,0.008991,1.993779,1.993779,0.737589,0.737589,1000.000000,1000.000000
0.881882,0.008981,1.993921,1.993921,0.737536,0.737536,1000.000000,1000.000000
0.882883,0.008971,1.994063,1.994063,0.737483,0.737483,1000.000000,1000.000000
0.883884,0.008961,1.994206,1.994206,0.737431,0.737431,1000.000000,1000.000000
0.884885,0.008951,1.994348,1.994348,0.737378,0.737378,1000.000000,1000.000000
0.885886,0.008941,1.994492,1.994492,0.737325,0.737325,1000.000000,1000.000000
0.886887,0.008931,1.994635,1.994635,0.737272,0.737272,1000.000000,1000.000000
0.887888,0.008921,1.994779,1.994779,0.737219,0.737219,1000.000000,1000.000000
0.888889,0.008911,1.994923,1.994923,0.737165,0.737165,1000.000000,1000.000000
0.889890,0.008901,1.995068,1.995068,0.737112,0.737112,1000.000000,1000.000000
0.890891,0.008891,1.995212,1.995212,0.737059,0.737059,1000.000000,1000.000000
0.891892,0.008881,1.995357,1.995357,0.737005,0.737005,1000.000000,1000.000000
0.892893,0.008871,1.995503,1.995503,0.736951,0.736951,1000.000000,1000.000000
0.893894,0.008861,1.995648,1.995648,0.736897,0.736897,1000.000000,1000.000000
0.894895,0.008851,1.995794,1.995794,0.736844,0.736844,1000.000000,1000.000000
0.895896,0.008841,1.995941,1.995941,0.736790,0.736790,1000.000000,1000.000000
0.896897,0.008831,1.996087,1.996087,0.736735,0.736735,1000.000000,1000.000000
0.897898,0.008821,1.996234,1.996234,0.736681,0.736681,1000.000000,1000.000000
0.898899,0.008811,1.996381,1.996381,0.736627,0.736627,1000.000000,1000.000000
0.899900,0.008801,1.996529,1.996529,0.736572,0.736572,1000.000000,1000.000000
0.900901,0.008791,1.996677,1.996677,0.736518,0.736518,1000.000000,1000.000000
0.901902,0.008781,1.996825,1.996825,0.736463,0.736463,1000.000000,1000.000000
0.902903,0.008771,1.996974,1.996974,0.736408,0.736408,1000.000000,1000.000000
0.903904,0.008761,1.997122,1.997122,0.736354,0.736354,1000.000000,1000.000000
0.904905,0.008751,1.997271,1.997271,0.736299,0.736299,1000.000000,1000.000000
0.905906,0.008741,1.997421,1.997421,0.736244,0.736244,1000.000000,1000.000000
0.906907,0.008731,1.997571,1.997571,0.736188,0.736188,1000.000000,1000.000000
0.907908,0.008721,1.997721,1.997721,0.736133,0.736133,1000.000000,1000.000000
0.908909,0.008711,1.997871,1.997871,0.736078,0.736078,1000.000000,1000.000000
0.909910,0.008701,1.998022,1.998022,0.736022,0.736022,1000.000000,1000.000000
0.910911,0.008691,1.998173,1.998173,0.735966,0.735966,1000.000000,1000.000000
0.911912,0.008681,1.998325,1.998325,0.735911,0.735911,1000.000000,1000.000000
0.912913,0.008671,1.998476,1.998476,0.735855,0.735855,1000.000000,1000.000000
0.913914,0.008661,1.998628,1.998628,0.735799,0.735799,1000.000000,1000.000000
0.914915,0.008651,1.998781,1.998781,0.735743,0.735743,1000.000000,1000.000000
0.915916,0.008641,1.998933,1.998933,0.735686,0.735686,1000.000000,1000.000000
0.916917,0.008631,1.999086,1.999086,0.735630,0.735630,1000.000000,1000.000000
0.917918,0.008621,1.999240,1.999240,0.735574,0.735574,1000.000000,1000.000000
0.918919,0.008611,1.999394,1.999394,0.735517,0.735517,1000.000000,1000.000000
0.919920,0.008601,1.999548,1.999548,0.735460,0.735460,1000.000000,1000.000000
0.920921,0.008591,1.999702,1.999702,0.735404,0.735404,1000.000000,1000.000000
0.921922,0.008581,1.999857,1.999857,0.735347,0.735347,1000.000000,1000.000000
0.922923,0.008571,2.000012,2.000012,0.735290,0.735290,1000.000000,1000.000000
0.923924,0.008561,2.000167,2.000167,0.735233,0.735233,1000.000000,1000.000000
0.924925,0.008551,2.000323,2.000323,0.735175,0.735175,1000.000000,1000.000000
0.925926,0.008541,2.000479,2.000479,0.735118,0.735118,1000.000000,1000.000000
0.926927,0.008531,2.000636,2.000636,0.735060,0.735060,1000.000000,1000.000000
0.927928,0.008521,2.000792,2.000792,0.735003,0.735003,1000.000000,1000.000000
0.928929,0.008511,2.000950,2.000950,0.734945,0.734945,1000.000000,1000.000000
0.929930,0.008501,2.001107,2.001107,0.734887,0.734887,1000.000000,1000.000000
0.930931,0.008491,2.001265,2.001265,0.734829,0.734829,1000.000000,1000.000000
0.931932,0.008481,2.001423,2.001423,0.734771,0.734771,1000.000000,1000.000000
0.932933,0.008471,2.001582,2.001582,0.734713,0.734713,1000.000000,1000.000000
0.933934,0.008461,2.001741,2.001741,0.734655,0.734655,1000.000000,1000.000000
0.934935,0.008451,2.001900,2.001900,0.734596,0.734596,1000.000000,1000.000000
0.935936,0.008441,2.002059,2.002059,0.734538,0.734538,1000.000000,1000.000000
0.936937,0.008431,2.002219,2.002219,0.734479,0.734479,1000.000000,1000.000000
0.937938,0.008421,2.002380,2.002380,0.734420,0.734420,1000.000000,1000.000000
0.938939,0.008411,2.002540,2.002540,0.734361,0.734361,1000.000000,1000.000000
0.939940,0.008401,2.002701,2.002701,0.734302,0.734302,1000.000000,1000.000000
0.940941,0.008391,2.002863,2.002863,0.734243,0.734243,1000.000000,1000.000000
0.941942,0.008381,2.003025,2.003025,0.734184,0.734184,1000.000000,1000.000000
0.942943,0.008371,2.003187,2.003187,0.734124,0.734124,1000.000000,1000.000000
0.943944,0.008361,2.003349,2.003349,0.734065,0.734065,1000.000000,1000.000000
0.944945,0.008351,2.003512,2.003512,0.734005,0.734005,1000.000000,1000.000000
0.945946,0.008341,2.003675,2.003675,0.733945,0.733945,1000.000000,1000.000000
0.946947,0.008331,2.003839,2.003839,0.733885,0.733885,1000.000000,1000.000000
0.947948,0.008321,2.004003,2.004003,0.733825,0.733825,1000.000000,1000.000000
0.948949,0.008311,2.004167,2.004167,0.733765,0.733765,1000.000000,1000.000000
0.949950,0.008301,2.004332,2.004332,0.733705,0.733705,1000.000000,1000.000000
0.950951,0.008290,2.004497,2.004497,0.733645,0.733645,1000.000000,1000.000000
0.951952,0.008280,2.004662,2.004662,0.733584,0.733584,1000.000000,1000.000000
0.952953,0.008270,2.004828,2.004828,0.733523,0.733523,1000.000000,1000.000000
0.953954,0.008260,2.004994,2.004994,0.733463,0.733463,1000.000000,1000.000000
0.954955,0.008250,2.005161,2.005161,0.733402,0.733402,1000.000000,1000.000000
0.955956,0.008240,2.005328,2.005328,0.733341,0.733341,1000.000000,1000.000000
0.956957,0.008230,2.005495,2.005495,0.733279,0.733279,1000.000000,1000.000000
0.957958,0.008220,2.005663,2.005663,0.733218,0.733218,1000.000000,1000.000000
0.958959,0.008210,2.005831,2.005831,0.733157,0.733157,1000.000000,1000.000000
0.959960,0.008200,2.005999,2.005999,0.733095,0.733095,1000.000000,1000.000000
0.960961,0.008190,2.006168,2.006168,0.733033,0.733033,1000.000000,1000.000000
0.961962,0.008180,2.006338,2.006338,0.732971,0.732971,1000.000000,1000.000000
0.962963,0.008170,2.006507,2.006507,0.732910,0.732910,1000.000000,1000.000000
0.963964,0.008160,2.006677,2.006677,0.732847,0.732847,1000.000000,1000.000000
0.964965,0.008150,2.006848,2.006848,0.732785,0.732785,1000.000000,1000.000000
0.965966,0.008140,2.007019,2.007019,0.732723,0.732723,1000.000000,1000.000000
0.966967,0.008130,2.007190,2.007190,0.732660,0.732660,1000.000000,1000.000000
0.967968,0.008120,2.007361,2.007361,0.732598,0.732598,1000.000000,1000.000000
0.968969,0.008110,2.007533,2.007533,0.732535,0.732535,1000.000000,1000.000000
0.969970,0.008100,2.007706,2.007706,0.732472,0.732472,1000.000000,1000.000000
0.970971,0.008090,2.007879,2.007879,0.732409,0.732409,1000.000000,1000.000000
0.971972,0.008080,2.008052,2.008052,0.732346,0.732346,1000.000000,1000.000000
0.972973,0.008070,2.008225,2.008225,0.732282,0.732282,1000.000000,1000.000000
0.973974,0.008060,2.008399,2.008399,0.732219,0.732219,1000.000000,1000.000000
0.974975,0.008050,2.008574,2.008574,0.732155,0.732155,1000.000000,1000.000000
0.975976,0.008040,2.008749,2.008749,0.732092,0.732092,1000.000000,1000.000000
0.976977,0.008030,2.008924,2.008924,0.732028,0.732028,1000.000000,1000.000000
0.977978,0.008020,2.009100,2.009100,0.731964,0.731964,1000.000000,1000.000000
0.978979,0.008010,2.009276,2.009276,0.731900,0.731900,1000.000000,1000.000000
0.979980,0.008000,2.009452,2.009452,0.731835,0.731835,1000.000000,1000.000000
0.980981,0.007990,2.009629,2.009629,0.731771,0.731771,1000.000000,1000.000000
0.981982,0.007980,2.009806,2.009806,0.731706,0.731706,1000.000000,1000.000000
0.982983,0.007970,2.009984,2.009984,0.731642,0.731642,1000.000000,1000.000000
0.983984,0.007960,2.010162,2.010162,0.731577,0.731577,1000.000000,1000.000000
0.984985,0.007950,2.010341,2.010341,0.731512,0.731512,1000.000000,1000.000000
0.985986,0.007940,2.010520,2.010520,0.731447,0.731447,1000.000000,1000.000000
0.986987,0.007930,2.010699,2.010699,0.731382,0.731382,1000.000000,1000.000000
0.987988,0.007920,2.010879,2.010879,0.731316,0.731316,1000.000000,1000.000000
0.988989,0.007910,2.011059,2.011059,0.731251,0.731251,1000.000000,1000.000000
0.989990,0.007900,2.011240,2.011240,0.731185,0.731185,1000.000000,1000.000000
0.990991,0.007890,2.011421,2.011421,0.731119,0.731119,1000.000000,1000.000000
0.991992,0.007880,2.011602,2.011602,0.731053,0.731053,1000.000000,1000.000000
0.992993,0.007870,2.011784,2.011784,0.730987,0.730987,1000.000000,1000.000000
0.993994,0.007860,2.011967,2.011967,0.730921,0.730921,1000.000000,1000.000000
0.994995,0.007850,2.012150,2.012150,0.730854,0.730854,1000.000000,1000.000000
0.995996,0.007840,2.012333,2.012333,0.730788,0.730788,1000.000000,1000.000000
0.996997,0.007830,2.012517,2.012517,0.730721,0.730721,1000.000000,1000.000000
0.997998,0.007820,2.012701,2.012701,0.730654,0.730654,1000.000000,1000.000000
0.998999,0.007810,2.012885,2.012885,0.730587,0.730587,1000.000000,1000.000000
1.000000,0.007800,2.013070,2.013070,0.730520,0.730520,1000.000000,1000.000000
