# Time (hours),Membrane Thickness (cm),Voltage (V),Voltage Check(V),Current Density (A/cm^2),Current Density Check(A/cm^2),Power (W),Power Check(W)
0.000000,0.017800,1.928787,1.928787,0.762442,0.762442,1000.000000,1000.000000
0.001001,0.017747,1.928993,1.928993,0.762361,0.762361,1000.000000,1000.000000
0.002002,0.017693,1.929199,1.929199,0.762279,0.762279,1000.000000,1000.000000
0.003003,0.017640,1.929406,1.929406,0.762197,0.762197,1000.000000,1000.000000
0.004004,0.017587,1.929614,1.929614,0.762115,0.762115,1000.000000,1000.000000
0.005005,0.017535,1.929822,1.929822,0.762033,0.762033,1000.000000,1000.000000
0.006006,0.017482,1.930030,1.930030,0.761951,0.761951,1000.000000,1000.000000
0.007007,0.017430,1.930240,1.930240,0.761868,0.761868,1000.000000,1000.000000
0.008008,0.017377,1.930449,1.930449,0.761785,0.761785,1000.000000,1000.000000
0.009009,0.017325,1.930660,1.930660,0.761702,0.761702,1000.000000,1000.000000
0.010010,0.017273,1.930871,1.930871,0.761619,0.761619,1000.000000,1000.000000
0.011011,0.017222,1.931083,1.931083,0.761536,0.761536,1000.000000,1000.000000
0.012012,0.017170,1.931295,1.931295,0.761452,0.761452,1000.000000,1000.000000
0.013013,0.017118,1.931508,1.931508,0.761368,0.761368,1000.000000,1000.000000
0.014014,0.017067,1.931721,1.931721,0.761284,0.761284,1000.000000,1000.000000
0.015015,0.017016,1.931935,1.931935,0.761200,0.761200,1000.000000,1000.000000
0.016016,0.016965,1.932150,1.932150,0.761115,0.761115,1000.000000,1000.000000
0.017017,0.016914,1.932365,1.932365,0.761030,0.761030,1000.000000,1000.000000
0.018018,0.016863,1.932581,1.932581,0.760945,0.760945,1000.000000,1000.000000
0.019019,0.016813,1.932797,1.932797,0.760860,0.760860,1000.000000,1000.000000
0.020020,0.016762,1.933014,1.933014,0.760775,0.760775,1000.000000,1000.000000
0.021021,0.016712,1.933232,1.933232,0.760689,0.760689,1000.000000,1000.000000
0.022022,0.016662,1.933450,1.933450,0.760603,0.760603,1000.000000,1000.000000
0.023023,0.016612,1.933669,1.933669,0.760517,0.760517,1000.000000,1000.000000
0.024024,0.016562,1.933888,1.933888,0.760431,0.760431,1000.000000,1000.000000
0.025025,0.016513,1.934108,1.934108,0.760344,0.760344,1000.000000,1000.000000
0.026026,0.016463,1.934329,1.934329,0.760258,0.760258,1000.000000,1000.000000
0.027027,0.016414,1.934550,1.934550,0.760171,0.760171,1000.000000,1000.000000
0.028028,0.016365,1.934772,1.934772,0.760083,0.760083,1000.000000,1000.000000
0.029029,0.016315,1.934995,1.934995,0.759996,0.759996,1000.000000,1000.000000
0.030030,0.016267,1.935218,1.935218,0.759908,0.759908,1000.000000,1000.000000
0.031031,0.016218,1.935442,1.935442,0.759820,0.759820,1000.000000,1000.000000
0.032032,0.016169,1.935666,1.935666,0.759732,0.759732,1000.000000,1000.000000
0.033033,0.016121,1.935891,1.935891,0.759644,0.759644,1000.000000,1000.000000
0.034034,0.016072,1.936117,1.936117,0.759556,0.759556,1000.000000,1000.000000
0.035035,0.016024,1.936343,1.936343,0.759467,0.759467,1000.000000,1000.000000
0.036036,0.015976,1.936570,1.936570,0.759378,0.759378,1000.000000,1000.000000
0.037037,0.015928,1.936797,1.936797,0.759289,0.759289,1000.000000,1000.000000
0.038038,0.015880,1.937026,1.937026,0.759199,0.759199,1000.000000,1000.000000
0.039039,0.015833,1.937255,1.937255,0.759109,0.759109,1000.000000,1000.000000
0.040040,0.015785,1.937484,1.937484,0.759020,0.759020,1000.000000,1000.000000
0.041041,0.015738,1.937714,1.937714,0.758929,0.758929,1000.000000,1000.000000
0.042042,0.015691,1.937945,1.937945,0.758839,0.758839,1000.000000,1000.000000
0.043043,0.015644,1.938176,1.938176,0.758748,0.758748,1000.000000,1000.000000
0.044044,0.015597,1.938408,1.938408,0.758658,0.758658,1000.000000,1000.000000
0.045045,0.015550,1.938641,1.938641,0.758567,0.758567,1000.000000,1000.000000
0.046046,0.015503,1.938874,1.938874,0.758475,0.758475,1000.000000,1000.000000
0.047047,0.015457,1.939108,1.939108,0.758384,0.758384,1000.000000,1000.000000
0.048048,0.015411,1.939343,1.939343,0.758292,0.758292,1000.000000,1000.000000
0.049049,0.015364,1.939578,1.939578,0.758200,0.758200,1000.000000,1000.000000
0.050050,0.015318,1.939814,1.939814,0.758108,0.758108,1000.000000,1000.000000
0.051051,0.015272,1.940051,1.940051,0.758015,0.758015,1000.000000,1000.000000
0.052052,0.015227,1.940288,1.940288,0.757923,0.757923,1000.000000,1000.000000
0.053053,0.015181,1.940526,1.940526,0.757830,0.757830,1000.000000,1000.000000
0.054054,0.015135,1.940764,1.940764,0.757737,0.757737,1000.000000,1000.000000
0.055055,0.015090,1.941003,1.941003,0.757643,0.757643,1000.000000,1000.000000
0.056056,0.015045,1.941243,1.941243,0.757550,0.757550,1000.000000,1000.000000
0.057057,0.015000,1.941484,1.941484,0.757456,0.757456,1000.000000,1000.000000
0.058058,0.014955,1.941725,1.941725,0.757362,0.757362,1000.000000,1000.000000
0.059059,0.014910,1.941967,1.941967,0.757267,0.757267,1000.000000,1000.000000
0.060060,0.014865,1.942210,1.942210,0.757173,0.757173,1000.000000,1000.000000
0.061061,0.014821,1.942453,1.942453,0.757078,0.757078,1000.000000,1000.000000
0.062062,0.014776,1.942697,1.942697,0.756983,0.756983,1000.000000,1000.000000
0.063063,0.014732,1.942941,1.942941,0.756888,0.756888,1000.000000,1000.000000
0.064064,0.014688,1.943187,1.943187,0.756792,0.756792,1000.000000,1000.000000
0.065065,0.014644,1.943433,1.943433,0.756696,0.756696,1000.000000,1000.000000
0.066066,0.014600,1.943679,1.943679,0.756600,0.756600,1000.000000,1000.000000
0.067067,0.014556,1.943926,1.943926,0.756504,0.756504,1000.000000,1000.000000
0.068068,0.014512,1.944174,1.944174,0.756408,0.756408,1000.000000,1000.000000
0.069069,0.014469,1.944423,1.944423,0.756311,0.756311,1000.000000,1000.000000
0.070070,0.014425,1.944673,1.944673,0.756214,0.756214,1000.000000,1000.000000
0.071071,0.014382,1.944923,1.944923,0.756117,0.756117,1000.000000,1000.000000
0.072072,0.014339,1.945173,1.945173,0.756019,0.756019,1000.000000,1000.000000
0.073073,0.014296,1.945425,1.945425,0.755921,0.755921,1000.000000,1000.000000
0.074074,0.014253,1.945677,1.945677,0.755823,0.755823,1000.000000,1000.000000
0.075075,0.014210,1.945930,1.945930,0.755725,0.755725,1000.000000,1000.000000
0.076076,0.014168,1.946183,1.946183,0.755627,0.755627,1000.000000,1000.000000
0.077077,0.014125,1.946438,1.946438,0.755528,0.755528,1000.000000,1000.000000
0.078078,0.014083,1.946692,1.946692,0.755429,0.755429,1000.000000,1000.000000
0.079079,0.014041,1.946948,1.946948,0.755330,0.755330,1000.000000,1000.000000
0.080080,0.013999,1.947204,1.947204,0.755231,0.755231,1000.000000,1000.000000
0.081081,0.013957,1.947462,1.947462,0.755131,0.755131,1000.000000,1000.000000
0.082082,0.013915,1.947719,1.947719,0.755031,0.755031,1000.000000,1000.000000
0.083083,0.013873,1.947978,1.947978,0.754931,0.754931,1000.000000,1000.000000
0.084084,0.013831,1.948237,1.948237,0.754830,0.754830,1000.000000,1000.000000
0.085085,0.013790,1.948497,1.948497,0.754730,0.754730,1000.000000,1000.000000
0.086086,0.013749,1.948758,1.948758,0.754629,0.754629,1000.000000,1000.000000
0.087087,0.013707,1.949019,1.949019,0.754527,0.754527,1000.000000,1000.000000
0.088088,0.013666,1.949281,1.949281,0.754426,0.754426,1000.000000,1000.000000
0.089089,0.013625,1.949544,1.949544,0.754324,0.754324,1000.000000,1000.000000
0.090090,0.013584,1.949807,1.949807,0.754222,0.754222,1000.000000,1000.000000
0.091091,0.013544,1.950071,1.950071,0.754120,0.754120,1000.000000,1000.000000
0.092092,0.013503,1.950336,1.950336,0.754018,0.754018,1000.000000,1000.000000
0.093093,0.013463,1.950602,1.950602,0.753915,0.753915,1000.000000,1000.000000
0.094094,0.013422,1.950869,1.950869,0.753812,0.753812,1000.000000,1000.000000
0.095095,0.013382,1.951136,1.951136,0.753709,0.753709,1000.000000,1000.000000
0.096096,0.013342,1.951404,1.951404,0.753605,0.753605,1000.000000,1000.000000
0.097097,0.013302,1.951672,1.951672,0.753502,0.753502,1000.000000,1000.000000
0.098098,0.013262,1.951942,1.951942,0.753398,0.753398,1000.000000,1000.000000
0.099099,0.013222,1.952212,1.952212,0.753293,0.753293,1000.000000,1000.000000
0.100100,0.013183,1.952483,1.952483,0.753189,0.753189,1000.000000,1000.000000
0.101101,0.013143,1.952754,1.952754,0.753084,0.753084,1000.000000,1000.000000
0.102102,0.013104,1.953027,1.953027,0.752979,0.752979,1000.000000,1000.000000
0.103103,0.013064,1.953300,1.953300,0.752874,0.752874,1000.000000,1000.000000
0.104104,0.013025,1.953574,1.953574,0.752768,0.752768,1000.000000,1000.000000
0.105105,0.012986,1.953848,1.953848,0.752663,0.752663,1000.000000,1000.000000
0.106106,0.012947,1.954123,1.954123,0.752556,0.752556,1000.000000,1000.000000
0.107107,0.012908,1.954400,1.954400,0.752450,0.752450,1000.000000,1000.000000
0.108108,0.012870,1.954676,1.954676,0.752344,0.752344,1000.000000,1000.000000
0.109109,0.012831,1.954954,1.954954,0.752237,0.752237,1000.000000,1000.000000
0.110110,0.012793,1.955232,1.955232,0.752130,0.752130,1000.000000,1000.000000
0.111111,0.012754,1.955512,1.955512,0.752022,0.752022,1000.000000,1000.000000
0.112112,0.012716,1.955792,1.955792,0.751915,0.751915,1000.000000,1000.000000
0.113113,0.012678,1.956072,1.956072,0.751807,0.751807,1000.000000,1000.000000
0.114114,0.012640,1.956354,1.956354,0.751699,0.751699,1000.000000,1000.000000
0.115115,0.012602,1.956636,1.956636,0.751590,0.751590,1000.000000,1000.000000
0.116116,0.012564,1.956919,1.956919,0.751481,0.751481,1000.000000,1000.000000
0.117117,0.012527,1.957203,1.957203,0.751372,0.751372,1000.000000,1000.000000
0.118118,0.012489,1.957487,1.957487,0.751263,0.751263,1000.000000,1000.000000
0.119119,0.012452,1.957773,1.957773,0.751154,0.751154,1000.000000,1000.000000
0.120120,0.012414,1.958059,1.958059,0.751044,0.751044,1000.000000,1000.000000
0.121121,0.012377,1.958346,1.958346,0.750934,0.750934,1000.000000,1000.000000
0.122122,0.012340,1.958633,1.958633,0.750824,0.750824,1000.000000,1000.000000
0.123123,0.012303,1.958922,1.958922,0.750713,0.750713,1000.000000,1000.000000
0.124124,0.012266,1.959211,1.959211,0.750602,0.750602,1000.000000,1000.000000
0.125125,0.012229,1.959501,1.959501,0.750491,0.750491,1000.000000,1000.000000
0.126126,0.012192,1.959792,1.959792,0.750380,0.750380,1000.000000,1000.000000
0.127127,0.012156,1.960084,1.960084,0.750268,0.750268,1000.000000,1000.000000
0.128128,0.012119,1.960376,1.960376,0.750156,0.750156,1000.000000,1000.000000
0.129129,0.012083,1.960669,1.960669,0.750044,0.750044,1000.000000,1000.000000
0.130130,0.012047,1.960963,1.960963,0.749932,0.749932,1000.000000,1000.000000
0.131131,0.012011,1.961258,1.961258,0.749819,0.749819,1000.000000,1000.000000
0.132132,0.011975,1.961554,1.961554,0.749706,0.749706,1000.000000,1000.000000
0.133133,0.011939,1.961850,1.961850,0.749593,0.749593,1000.000000,1000.000000
0.134134,0.011903,1.962147,1.962147,0.749479,0.749479,1000.000000,1000.000000
0.135135,0.011867,1.962445,1.962445,0.749365,0.749365,1000.000000,1000.000000
0.136136,0.011832,1.962744,1.962744,0.749251,0.749251,1000.000000,1000.000000
0.137137,0.011796,1.963044,1.963044,0.749137,0.749137,1000.000000,1000.000000
0.138138,0.011761,1.963345,1.963345,0.749022,0.749022,1000.000000,1000.000000
0.139139,0.011726,1.963646,1.963646,0.748907,0.748907,1000.000000,1000.000000
0.140140,0.011691,1.963948,1.963948,0.748792,0.748792,1000.000000,1000.000000
0.141141,0.011655,1.964251,1.964251,0.748676,0.748676,1000.000000,1000.000000
0.142142,0.011621,1.964555,1.964555,0.748561,0.748561,1000.000000,1000.000000
0.143143,0.011586,1.964859,1.964859,0.748444,0.748444,1000.000000,1000.000000
0.144144,0.011551,1.965165,1.965165,0.748328,0.748328,1000.000000,1000.000000
0.145145,0.011516,1.965471,1.965471,0.748212,0.748212,1000.000000,1000.000000
0.146146,0.011482,1.965778,1.965778,0.748095,0.748095,1000.000000,1000.000000
0.147147,0.011447,1.966086,1.966086,0.747977,0.747977,1000.000000,1000.000000
0.148148,0.011413,1.966395,1.966395,0.747860,0.747860,1000.000000,1000.000000
0.149149,0.011379,1.966705,1.966705,0.747742,0.747742,1000.000000,1000.000000
0.150150,0.011345,1.967015,1.967015,0.747624,0.747624,1000.000000,1000.000000
0.151151,0.011311,1.967326,1.967326,0.747506,0.747506,1000.000000,1000.000000
0.152152,0.011277,1.967639,1.967639,0.747387,0.747387,1000.000000,1000.000000
0.153153,0.011243,1.967952,1.967952,0.747269,0.747269,1000.000000,1000.000000
0.154154,0.011209,1.968265,1.968265,0.747149,0.747149,1000.000000,1000.000000
0.155155,0.011176,1.968580,1.968580,0.747030,0.747030,1000.000000,1000.000000
0.156156,0.011142,1.968896,1.968896,0.746910,0.746910,1000.000000,1000.000000
0.157157,0.011109,1.969212,1.969212,0.746790,0.746790,1000.000000,1000.000000
0.158158,0.011075,1.969529,1.969529,0.746670,0.746670,1000.000000,1000.000000
0.159159,0.011042,1.969848,1.969848,0.746549,0.746549,1000.000000,1000.000000
0.160160,0.011009,1.970167,1.970167,0.746428,0.746428,1000.000000,1000.000000
0.161161,0.010976,1.970486,1.970486,0.746307,0.746307,1000.000000,1000.000000
0.162162,0.010943,1.970807,1.970807,0.746186,0.746186,1000.000000,1000.000000
0.163163,0.010910,1.971129,1.971129,0.746064,0.746064,1000.000000,1000.000000
0.164164,0.010878,1.971451,1.971451,0.745942,0.745942,1000.000000,1000.000000
0.165165,0.010845,1.971774,1.971774,0.745820,0.745820,1000.000000,1000.000000
0.166166,0.010812,1.972099,1.972099,0.745697,0.745697,1000.000000,1000.000000
0.167167,0.010780,1.972424,1.972424,0.745574,0.745574,1000.000000,1000.000000
0.168168,0.010748,1.972750,1.972750,0.745451,0.745451,1000.000000,1000.000000
0.169169,0.010715,1.973077,1.973077,0.745327,0.745327,1000.000000,1000.000000
0.170170,0.010683,1.973404,1.973404,0.745204,0.745204,1000.000000,1000.000000
0.171171,0.010651,1.973733,1.973733,0.745080,0.745080,1000.000000,1000.000000
0.172172,0.010619,1.974062,1.974062,0.744955,0.744955,1000.000000,1000.000000
0.173173,0.010588,1.974393,1.974393,0.744831,0.744831,1000.000000,1000.000000
0.174174,0.010556,1.974724,1.974724,0.744706,0.744706,1000.000000,1000.000000
0.175175,0.010524,1.975056,1.975056,0.744580,0.744580,1000.000000,1000.000000
0.176176,0.010493,1.975389,1.975389,0.744455,0.744455,1000.000000,1000.000000
0.177177,0.010461,1.975723,1.975723,0.744329,0.744329,1000.000000,1000.000000
0.178178,0.010430,1.976058,1.976058,0.744203,0.744203,1000.000000,1000.000000
0.179179,0.010398,1.976394,1.976394,0.744076,0.744076,1000.000000,1000.000000
0.180180,0.010367,1.976731,1.976731,0.743950,0.743950,1000.000000,1000.000000
0.181181,0.010336,1.977068,1.977068,0.743823,0.743823,1000.000000,1000.000000
0.182182,0.010305,1.977407,1.977407,0.743695,0.743695,1000.000000,1000.000000
0.183183,0.010274,1.977746,1.977746,0.743568,0.743568,1000.000000,1000.000000
0.184184,0.010244,1.978086,1.978086,0.743440,0.743440,1000.000000,1000.000000
0.185185,0.010213,1.978428,1.978428,0.743312,0.743312,1000.000000,1000.000000
0.186186,0.010182,1.978770,1.978770,0.743183,0.743183,1000.000000,1000.000000
0.187187,0.010152,1.979113,1.979113,0.743054,0.743054,1000.000000,1000.000000
0.188188,0.010121,1.979457,1.979457,0.742925,0.742925,1000.000000,1000.000000
0.189189,0.010091,1.979802,1.979802,0.742796,0.742796,1000.000000,1000.000000
0.190190,0.010061,1.980148,1.980148,0.742666,0.742666,1000.000000,1000.000000
0.191191,0.010030,1.980495,1.980495,0.742536,0.742536,1000.000000,1000.000000
0.192192,0.010000,1.980842,1.980842,0.742406,0.742406,1000.000000,1000.000000
0.193193,0.009970,1.981191,1.981191,0.742275,0.742275,1000.000000,1000.000000
0.194194,0.009940,1.981540,1.981540,0.742144,0.742144,1000.000000,1000.000000
0.195195,0.009911,1.981891,1.981891,0.742013,0.742013,1000.000000,1000.000000
0.196196,0.009881,1.982242,1.982242,0.741881,0.741881,1000.000000,1000.000000
0.197197,0.009851,1.982595,1.982595,0.741749,0.741749,1000.000000,1000.000000
0.198198,0.009822,1.982948,1.982948,0.741617,0.741617,1000.000000,1000.000000
0.199199,0.009792,1.983302,1.983302,0.741485,0.741485,1000.000000,1000.000000
0.200200,0.009763,1.983658,1.983658,0.741352,0.741352,1000.000000,1000.000000
0.201201,0.009734,1.984014,1.984014,0.741219,0.741219,1000.000000,1000.000000
0.202202,0.009705,1.984371,1.984371,0.741085,0.741085,1000.000000,1000.000000
0.203203,0.009675,1.984729,1.984729,0.740952,0.740952,1000.000000,1000.000000
0.204204,0.009646,1.985088,1.985088,0.740818,0.740818,1000.000000,1000.000000
0.205205,0.009617,1.985448,1.985448,0.740683,0.740683,1000.000000,1000.000000
0.206206,0.009589,1.985809,1.985809,0.740549,0.740549,1000.000000,1000.000000
0.207207,0.009560,1.986171,1.986171,0.740414,0.740414,1000.000000,1000.000000
0.208208,0.009531,1.986534,1.986534,0.740278,0.740278,1000.000000,1000.000000
0.209209,0.009503,1.986898,1.986898,0.740143,0.740143,1000.000000,1000.000000
0.210210,0.009474,1.987263,1.987263,0.740007,0.740007,1000.000000,1000.000000
0.211211,0.009446,1.987629,1.987629,0.739871,0.739871,1000.000000,1000.000000
0.212212,0.009417,1.987996,1.987996,0.739734,0.739734,1000.000000,1000.000000
0.213213,0.009389,1.988363,1.988363,0.739597,0.739597,1000.000000,1000.000000
0.214214,0.009361,1.988732,1.988732,0.739460,0.739460,1000.000000,1000.000000
0.215215,0.009333,1.989102,1.989102,0.739323,0.739323,1000.000000,1000.000000
0.216216,0.009305,1.989473,1.989473,0.739185,0.739185,1000.000000,1000.000000
0.217217,0.009277,1.989844,1.989844,0.739047,0.739047,1000.000000,1000.000000
0.218218,0.009249,1.990217,1.990217,0.738908,0.738908,1000.000000,1000.000000
0.219219,0.009222,1.990591,1.990591,0.738770,0.738770,1000.000000,1000.000000
0.220220,0.009194,1.990966,1.990966,0.738631,0.738631,1000.000000,1000.000000
0.221221,0.009166,1.991341,1.991341,0.738491,0.738491,1000.000000,1000.000000
0.222222,0.009139,1.991718,1.991718,0.738352,0.738352,1000.000000,1000.000000
0.223223,0.009111,1.992096,1.992096,0.738212,0.738212,1000.000000,1000.000000
0.224224,0.009084,1.992474,1.992474,0.738071,0.738071,1000.000000,1000.000000
0.225225,0.009057,1.992854,1.992854,0.737931,0.737931,1000.000000,1000.000000
0.226226,0.009030,1.993235,1.993235,0.737790,0.737790,1000.000000,1000.000000
0.227227,0.009003,1.993617,1.993617,0.737648,0.737648,1000.000000,1000.000000
0.228228,0.008976,1.993999,1.993999,0.737507,0.737507,1000.000000,1000.000000
0.229229,0.008949,1.994383,1.994383,0.737365,0.737365,1000.000000,1000.000000
0.230230,0.008922,1.994768,1.994768,0.737223,0.737223,1000.000000,1000.000000
0.231231,0.008895,1.995154,1.995154,0.737080,0.737080,1000.000000,1000.000000
0.232232,0.008868,1.995541,1.995541,0.736937,0.736937,1000.000000,1000.000000
0.233233,0.008842,1.995929,1.995929,0.736794,0.736794,1000.000000,1000.000000
0.234234,0.008815,1.996317,1.996317,0.736650,0.736650,1000.000000,1000.000000
0.235235,0.008789,1.996707,1.996707,0.736507,0.736507,1000.000000,1000.000000
0.236236,0.008763,1.997098,1.997098,0.736362,0.736362,1000.000000,1000.000000
0.237237,0.008736,1.997490,1.997490,0.736218,0.736218,1000.000000,1000.000000
0.238238,0.008710,1.997883,1.997883,0.736073,0.736073,1000.000000,1000.000000
0.239239,0.008684,1.998277,1.998277,0.735928,0.735928,1000.000000,1000.000000
0.240240,0.008658,1.998673,1.998673,0.735782,0.735782,1000.000000,1000.000000
0.241241,0.008632,1.999069,1.999069,0.735637,0.735637,1000.000000,1000.000000
0.242242,0.008606,1.999466,1.999466,0.735490,0.735490,1000.000000,1000.000000
0.243243,0.008580,1.999864,1.999864,0.735344,0.735344,1000.000000,1000.000000
0.244244,0.008555,2.000264,2.000264,0.735197,0.735197,1000.000000,1000.000000
0.245245,0.008529,2.000664,2.000664,0.735050,0.735050,1000.000000,1000.000000
0.246246,0.008503,2.001065,2.001065,0.734903,0.734903,1000.000000,1000.000000
0.247247,0.008478,2.001468,2.001468,0.734755,0.734755,1000.000000,1000.000000
0.248248,0.008452,2.001872,2.001872,0.734607,0.734607,1000.000000,1000.000000
0.249249,0.008427,2.002276,2.002276,0.734458,0.734458,1000.000000,1000.000000
0.250250,0.008402,2.002682,2.002682,0.734309,0.734309,1000.000000,1000.000000
0.251251,0.008377,2.003089,2.003089,0.734160,0.734160,1000.000000,1000.000000
0.252252,0.008352,2.003496,2.003496,0.734011,0.734011,1000.000000,1000.000000
0.253253,0.008326,2.003905,2.003905,0.733861,0.733861,1000.000000,1000.000000
0.254254,0.008301,2.004315,2.004315,0.733711,0.733711,1000.000000,1000.000000
0.255255,0.008277,2.004726,2.004726,0.733561,0.733561,1000.000000,1000.000000
0.256256,0.008252,2.005139,2.005139,0.733410,0.733410,1000.000000,1000.000000
0.257257,0.008227,2.005552,2.005552,0.733259,0.733259,1000.000000,1000.000000
0.258258,0.008202,2.005966,2.005966,0.733107,0.733107,1000.000000,1000.000000
0.259259,0.008178,2.006382,2.006382,0.732955,0.732955,1000.000000,1000.000000
0.260260,0.008153,2.006798,2.006798,0.732803,0.732803,1000.000000,1000.000000
0.261261,0.008129,2.007216,2.007216,0.732651,0.732651,1000.000000,1000.000000
0.262262,0.008104,2.007634,2.007634,0.732498,0.732498,1000.000000,1000.000000
0.263263,0.008080,2.008054,2.008054,0.732345,0.732345,1000.000000,1000.000000
0.264264,0.008056,2.008475,2.008475,0.732191,0.732191,1000.000000,1000.000000
0.265265,0.008032,2.008897,2.008897,0.732038,0.732038,1000.000000,1000.000000
0.266266,0.008008,2.009320,2.009320,0.731883,0.731883,1000.000000,1000.000000
0.267267,0.007984,2.009745,2.009745,0.731729,0.731729,1000.000000,1000.000000
0.268268,0.007960,2.010170,2.010170,0.731574,0.731574,1000.000000,1000.000000
0.269269,0.007936,2.010596,2.010596,0.731419,0.731419,1000.000000,1000.000000
0.270270,0.007912,2.011024,2.011024,0.731263,0.731263,1000.000000,1000.000000
0.271271,0.007888,2.011453,2.011453,0.731108,0.731108,1000.000000,1000.000000
0.272272,0.007865,2.011883,2.011883,0.730951,0.730951,1000.000000,1000.000000
0.273273,0.007841,2.012314,2.012314,0.730795,0.730795,1000.000000,1000.000000
0.274274,0.007818,2.012746,2.012746,0.730638,0.730638,1000.000000,1000.000000
0.275275,0.007794,2.013179,2.013179,0.730481,0.730481,1000.000000,1000.000000
0.276276,0.007771,2.013613,2.013613,0.730323,0.730323,1000.000000,1000.000000
0.277277,0.007747,2.014049,2.014049,0.730165,0.730165,1000.000000,1000.000000
0.278278,0.007724,2.014485,2.014485,0.730007,0.730007,1000.000000,1000.000000
0.279279,0.007701,2.014923,2.014923,0.729848,0.729848,1000.000000,1000.000000
0.280280,0.007678,2.015362,2.015362,0.729689,0.729689,1000.000000,1000.000000
0.281281,0.007655,2.015802,2.015802,0.729530,0.729530,1000.000000,1000.000000
0.282282,0.007632,2.016243,2.016243,0.729370,0.729370,1000.000000,1000.000000
0.283283,0.007609,2.016686,2.016686,0.729210,0.729210,1000.000000,1000.000000
0.284284,0.007586,2.017129,2.017129,0.729050,0.729050,1000.000000,1000.000000
0.285285,0.007564,2.017574,2.017574,0.728889,0.728889,1000.000000,1000.000000
0.286286,0.007541,2.018020,2.018020,0.728728,0.728728,1000.000000,1000.000000
0.287287,0.007518,2.018467,2.018467,0.728567,0.728567,1000.000000,1000.000000
0.288288,0.007496,2.018915,2.018915,0.728405,0.728405,1000.000000,1000.000000
0.289289,0.007473,2.019364,2.019364,0.728243,0.728243,1000.000000,1000.000000
0.290290,0.007451,2.019815,2.019815,0.728081,0.728081,1000.000000,1000.000000
0.291291,0.007429,2.020266,2.020266,0.727918,0.727918,1000.000000,1000.000000
0.292292,0.007406,2.020719,2.020719,0.727755,0.727755,1000.000000,1000.000000
0.293293,0.007384,2.021173,2.021173,0.727591,0.727591,1000.000000,1000.000000
0.294294,0.007362,2.021629,2.021629,0.727428,0.727428,1000.000000,1000.000000
0.295295,0.007340,2.022085,2.022085,0.727263,0.727263,1000.000000,1000.000000
0.296296,0.007318,2.022543,2.022543,0.727099,0.727099,1000.000000,1000.000000
0.297297,0.007296,2.023001,2.023001,0.726934,0.726934,1000.000000,1000.000000
0.298298,0.007274,2.023461,2.023461,0.726769,0.726769,1000.000000,1000.000000
0.299299,0.007252,2.023922,2.023922,0.726603,0.726603,1000.000000,1000.000000
0.300300,0.007230,2.024385,2.024385,0.726437,0.726437,1000.000000,1000.000000
0.301301,0.007209,2.024848,2.024848,0.726271,0.726271,1000.000000,1000.000000
0.302302,0.007187,2.025313,2.025313,0.726104,0.726104,1000.000000,1000.000000
0.303303,0.007166,2.025779,2.025779,0.725937,0.725937,1000.000000,1000.000000
0.304304,0.007144,2.026246,2.026246,0.725770,0.725770,1000.000000,1000.000000
0.305305,0.007123,2.026715,2.026715,0.725602,0.725602,1000.000000,1000.000000
0.306306,0.007101,2.027184,2.027184,0.725434,0.725434,1000.000000,1000.000000
0.307307,0.007080,2.027655,2.027655,0.725265,0.725265,1000.000000,1000.000000
0.308308,0.007059,2.028127,2.028127,0.725097,0.725097,1000.000000,1000.000000
0.309309,0.007038,2.028600,2.028600,0.724927,0.724927,1000.000000,1000.000000
0.310310,0.007017,2.029075,2.029075,0.724758,0.724758,1000.000000,1000.000000
0.311311,0.006995,2.029551,2.029551,0.724588,0.724588,1000.000000,1000.000000
0.312312,0.006975,2.030028,2.030028,0.724418,0.724418,1000.000000,1000.000000
0.313313,0.006954,2.030506,2.030506,0.724247,0.724247,1000.000000,1000.000000
0.314314,0.006933,2.030985,2.030985,0.724076,0.724076,1000.000000,1000.000000
0.315315,0.006912,2.031466,2.031466,0.723905,0.723905,1000.000000,1000.000000
0.316316,0.006891,2.031948,2.031948,0.723733,0.723733,1000.000000,1000.000000
0.317317,0.006871,2.032431,2.032431,0.723561,0.723561,1000.000000,1000.000000
0.318318,0.006850,2.032915,2.032915,0.723389,0.723389,1000.000000,1000.000000
0.319319,0.006829,2.033401,2.033401,0.723216,0.723216,1000.000000,1000.000000
0.320320,0.006809,2.033888,2.033888,0.723043,0.723043,1000.000000,1000.000000
0.321321,0.006789,2.034376,2.034376,0.722869,0.722869,1000.000000,1000.000000
0.322322,0.006768,2.034865,2.034865,0.722696,0.722696,1000.000000,1000.000000
0.323323,0.006748,2.035356,2.035356,0.722521,0.722521,1000.000000,1000.000000
0.324324,0.006728,2.035848,2.035848,0.722347,0.722347,1000.000000,1000.000000
0.325325,0.006707,2.036341,2.036341,0.722172,0.722172,1000.000000,1000.000000
0.326326,0.006687,2.036836,2.036836,0.721997,0.721997,1000.000000,1000.000000
0.327327,0.006667,2.037331,2.037331,0.721821,0.721821,1000.000000,1000.000000
0.328328,0.006647,2.037828,2.037828,0.721645,0.721645,1000.000000,1000.000000
0.329329,0.006627,2.038327,2.038327,0.721468,0.721468,1000.000000,1000.000000
0.330330,0.006608,2.038826,2.038826,0.721292,0.721292,1000.000000,1000.000000
0.331331,0.006588,2.039327,2.039327,0.721115,0.721115,1000.000000,1000.000000
0.332332,0.006568,2.039829,2.039829,0.720937,0.720937,1000.000000,1000.000000
0.333333,0.006548,2.040332,2.040332,0.720759,0.720759,1000.000000,1000.000000
0.334334,0.006529,2.040837,2.040837,0.720581,0.720581,1000.000000,1000.000000
0.335335,0.006509,2.041343,2.041343,0.720402,0.720402,1000.000000,1000.000000
0.336336,0.006490,2.041850,2.041850,0.720223,0.720223,1000.000000,1000.000000
0.337337,0.006470,2.042359,2.042359,0.720044,0.720044,1000.000000,1000.000000
0.338338,0.006451,2.042869,2.042869,0.719864,0.719864,1000.000000,1000.000000
0.339339,0.006431,2.043380,2.043380,0.719684,0.719684,1000.000000,1000.000000
0.340340,0.006412,2.043893,2.043893,0.719504,0.719504,1000.000000,1000.000000
0.341341,0.006393,2.044407,2.044407,0.719323,0.719323,1000.000000,1000.000000
0.342342,0.006374,2.044922,2.044922,0.719142,0.719142,1000.000000,1000.000000
0.343343,0.006355,2.045438,2.045438,0.718960,0.718960,1000.000000,1000.000000
0.344344,0.006335,2.045956,2.045956,0.718778,0.718778,1000.000000,1000.000000
0.345345,0.006316,2.046475,2.046475,0.718596,0.718596,1000.000000,1000.000000
0.346346,0.006298,2.046995,2.046995,0.718413,0.718413,1000.000000,1000.000000
0.347347,0.006279,2.047517,2.047517,0.718230,0.718230,1000.000000,1000.000000
0.348348,0.006260,2.048040,2.048040,0.718047,0.718047,1000.000000,1000.000000
0.349349,0.006241,2.048565,2.048565,0.717863,0.717863,1000.000000,1000.000000
0.350350,0.006222,2.049091,2.049091,0.717679,0.717679,1000.000000,1000.000000
0.351351,0.006204,2.049618,2.049618,0.717494,0.717494,1000.000000,1000.000000
0.352352,0.006185,2.050146,2.050146,0.717309,0.717309,1000.000000,1000.000000
0.353353,0.006167,2.050676,2.050676,0.717124,0.717124,1000.000000,1000.000000
0.354354,0.006148,2.051207,2.051207,0.716938,0.716938,1000.000000,1000.000000
0.355355,0.006130,2.051740,2.051740,0.716752,0.716752,1000.000000,1000.000000
0.356356,0.006111,2.052273,2.052273,0.716565,0.716565,1000.000000,1000.000000
0.357357,0.006093,2.052809,2.052809,0.716379,0.716379,1000.000000,1000.000000
0.358358,0.006075,2.053345,2.053345,0.716191,0.716191,1000.000000,1000.000000
0.359359,0.006056,2.053883,2.053883,0.716004,0.716004,1000.000000,1000.000000
0.360360,0.006038,2.054422,2.054422,0.715816,0.715816,1000.000000,1000.000000
0.361361,0.006020,2.054963,2.054963,0.715628,0.715628,1000.000000,1000.000000
0.362362,0.006002,2.055505,2.055505,0.715439,0.715439,1000.000000,1000.000000
0.363363,0.005984,2.056049,2.056049,0.715250,0.715250,1000.000000,1000.000000
0.364364,0.005966,2.056593,2.056593,0.715060,0.715060,1000.000000,1000.000000
0.365365,0.005948,2.057139,2.057139,0.714870,0.714870,1000.000000,1000.000000
0.366366,0.005930,2.057687,2.057687,0.714680,0.714680,1000.000000,1000.000000
0.367367,0.005913,2.058236,2.058236,0.714490,0.714490,1000.000000,1000.000000
0.368368,0.005895,2.058786,2.058786,0.714299,0.714299,1000.000000,1000.000000
0.369369,0.005877,2.059338,2.059338,0.714107,0.714107,1000.000000,1000.000000
0.370370,0.005860,2.059891,2.059891,0.713915,0.713915,1000.000000,1000.000000
0.371371,0.005842,2.060446,2.060446,0.713723,0.713723,1000.000000,1000.000000
0.372372,0.005825,2.061002,2.061002,0.713531,0.713531,1000.000000,1000.000000
0.373373,0.005807,2.061559,2.061559,0.713338,0.713338,1000.000000,1000.000000
0.374374,0.005790,2.062118,2.062118,0.713145,0.713145,1000.000000,1000.000000
0.375375,0.005772,2.062678,2.062678,0.712951,0.712951,1000.000000,1000.000000
0.376376,0.005755,2.063240,2.063240,0.712757,0.712757,1000.000000,1000.000000
0.377377,0.005738,2.063803,2.063803,0.712562,0.712562,1000.000000,1000.000000
0.378378,0.005721,2.064367,2.064367,0.712368,0.712368,1000.000000,1000.000000
0.379379,0.005703,2.064933,2.064933,0.712172,0.712172,1000.000000,1000.000000
0.380380,0.005686,2.065500,2.065500,0.711977,0.711977,1000.000000,1000.000000
0.381381,0.005669,2.066069,2.066069,0.711781,0.711781,1000.000000,1000.000000
0.382382,0.005652,2.066639,2.066639,0.711585,0.711585,1000.000000,1000.000000
0.383383,0.005635,2.067210,2.067210,0.711388,0.711388,1000.000000,1000.000000
0.384384,0.005618,2.067783,2.067783,0.711191,0.711191,1000.000000,1000.000000
0.385385,0.005602,2.068358,2.068358,0.710993,0.710993,1000.000000,1000.000000
0.386386,0.005585,2.068934,2.068934,0.710795,0.710795,1000.000000,1000.000000
0.387387,0.005568,2.069511,2.069511,0.710597,0.710597,1000.000000,1000.000000
0.388388,0.005551,2.070090,2.070090,0.710398,0.710398,1000.000000,1000.000000
0.389389,0.005535,2.070670,2.070670,0.710199,0.710199,1000.000000,1000.000000
0.390390,0.005518,2.071252,2.071252,0.710000,0.710000,1000.000000,1000.000000
0.391391,0.005502,2.071835,2.071835,0.709800,0.709800,1000.000000,1000.000000
0.392392,0.005485,2.072420,2.072420,0.709600,0.709600,1000.000000,1000.000000
0.393393,0.005469,2.073006,2.073006,0.709399,0.709399,1000.000000,1000.000000
0.394394,0.005452,2.073593,2.073593,0.709198,0.709198,1000.000000,1000.000000
0.395395,0.005436,2.074182,2.074182,0.708997,0.708997,1000.000000,1000.000000
0.396396,0.005420,2.074773,2.074773,0.708795,0.708795,1000.000000,1000.000000
0.397397,0.005403,2.075365,2.075365,0.708593,0.708593,1000.000000,1000.000000
0.398398,0.005387,2.075958,2.075958,0.708390,0.708390,1000.000000,1000.000000
0.399399,0.005371,2.076553,2.076553,0.708187,0.708187,1000.000000,1000.000000
0.400400,0.005355,2.077150,2.077150,0.707984,0.707984,1000.000000,1000.000000
0.401401,0.005339,2.077748,2.077748,0.707780,0.707780,1000.000000,1000.000000
0.402402,0.005323,2.078347,2.078347,0.707576,0.707576,1000.000000,1000.000000
0.403403,0.005307,2.078948,2.078948,0.707371,0.707371,1000.000000,1000.000000
0.404404,0.005291,2.079550,2.079550,0.707166,0.707166,1000.000000,1000.000000
0.405405,0.005275,2.080154,2.080154,0.706961,0.706961,1000.000000,1000.000000
0.406406,0.005259,2.080760,2.080760,0.706755,0.706755,1000.000000,1000.000000
0.407407,0.005243,2.081367,2.081367,0.706549,0.706549,1000.000000,1000.000000
0.408408,0.005228,2.081975,2.081975,0.706343,0.706343,1000.000000,1000.000000
0.409409,0.005212,2.082585,2.082585,0.706136,0.706136,1000.000000,1000.000000
0.410410,0.005196,2.083197,2.083197,0.705929,0.705929,1000.000000,1000.000000
0.411411,0.005181,2.083810,2.083810,0.705721,0.705721,1000.000000,1000.000000
0.412412,0.005165,2.084424,2.084424,0.705513,0.705513,1000.000000,1000.000000
0.413413,0.005150,2.085040,2.085040,0.705304,0.705304,1000.000000,1000.000000
0.414414,0.005134,2.085658,2.085658,0.705096,0.705096,1000.000000,1000.000000
0.415415,0.005119,2.086277,2.086277,0.704886,0.704886,1000.000000,1000.000000
0.416416,0.005104,2.086898,2.086898,0.704677,0.704677,1000.000000,1000.000000
0.417417,0.005088,2.087520,2.087520,0.704467,0.704467,1000.000000,1000.000000
0.418418,0.005073,2.088144,2.088144,0.704256,0.704256,1000.000000,1000.000000
0.419419,0.005058,2.088769,2.088769,0.704045,0.704045,1000.000000,1000.000000
0.420420,0.005043,2.089396,2.089396,0.703834,0.703834,1000.000000,1000.000000
0.421421,0.005028,2.090024,2.090024,0.703623,0.703623,1000.000000,1000.000000
0.422422,0.005012,2.090654,2.090654,0.703411,0.703411,1000.000000,1000.000000
0.423423,0.004997,2.091286,2.091286,0.703198,0.703198,1000.000000,1000.000000
0.424424,0.004982,2.091919,2.091919,0.702985,0.702985,1000.000000,1000.000000
0.425425,0.004968,2.092554,2.092554,0.702772,0.702772,1000.000000,1000.000000
0.426426,0.004953,2.093190,2.093190,0.702558,0.702558,1000.000000,1000.000000
0.427427,0.004938,2.093828,2.093828,0.702344,0.702344,1000.000000,1000.000000
0.428428,0.004923,2.094467,2.094467,0.702130,0.702130,1000.000000,1000.000000
0.429429,0.004908,2.095108,2.095108,0.701915,0.701915,1000.000000,1000.000000
0.430430,0.004893,2.095751,2.095751,0.701700,0.701700,1000.000000,1000.000000
0.431431,0.004879,2.096395,2.096395,0.701484,0.701484,1000.000000,1000.000000
0.432432,0.004864,2.097040,2.097040,0.701268,0.701268,1000.000000,1000.000000
0.433433,0.004850,2.097688,2.097688,0.701052,0.701052,1000.000000,1000.000000
0.434434,0.004835,2.098337,2.098337,0.700835,0.700835,1000.000000,1000.000000
0.435435,0.004821,2.098987,2.098987,0.700618,0.700618,1000.000000,1000.000000
0.436436,0.004806,2.099639,2.099639,0.700400,0.700400,1000.000000,1000.000000
0.437437,0.004792,2.100293,2.100293,0.700182,0.700182,1000.000000,1000.000000
0.438438,0.004777,2.100949,2.100949,0.699964,0.699964,1000.000000,1000.000000
0.439439,0.004763,2.101605,2.101605,0.699745,0.699745,1000.000000,1000.000000
0.440440,0.004749,2.102264,2.102264,0.699526,0.699526,1000.000000,1000.000000
0.441441,0.004734,2.102924,2.102924,0.699306,0.699306,1000.000000,1000.000000
0.442442,0.004720,2.103586,2.103586,0.699086,0.699086,1000.000000,1000.000000
0.443443,0.004706,2.104250,2.104250,0.698866,0.698866,1000.000000,1000.000000
0.444444,0.004692,2.104915,2.104915,0.698645,0.698645,1000.000000,1000.000000
0.445445,0.004678,2.105581,2.105581,0.698424,0.698424,1000.000000,1000.000000
0.446446,0.004664,2.106250,2.106250,0.698202,0.698202,1000.000000,1000.000000
0.447447,0.004650,2.106920,2.106920,0.697980,0.697980,1000.000000,1000.000000
0.448448,0.004636,2.107591,2.107591,0.697758,0.697758,1000.000000,1000.000000
0.449449,0.004622,2.108265,2.108265,0.697535,0.697535,1000.000000,1000.000000
0.450450,0.004608,2.108940,2.108940,0.697312,0.697312,1000.000000,1000.000000
0.451451,0.004594,2.109616,2.109616,0.697088,0.697088,1000.000000,1000.000000
0.452452,0.004581,2.110294,2.110294,0.696864,0.696864,1000.000000,1000.000000
0.453453,0.004567,2.110974,2.110974,0.696640,0.696640,1000.000000,1000.000000
0.454454,0.004553,2.111656,2.111656,0.696415,0.696415,1000.000000,1000.000000
0.455455,0.004540,2.112339,2.112339,0.696189,0.696189,1000.000000,1000.000000
0.456456,0.004526,2.113024,2.113024,0.695964,0.695964,1000.000000,1000.000000
0.457457,0.004512,2.113710,2.113710,0.695738,0.695738,1000.000000,1000.000000
0.458458,0.004499,2.114399,2.114399,0.695511,0.695511,1000.000000,1000.000000
0.459459,0.004485,2.115089,2.115089,0.695284,0.695284,1000.000000,1000.000000
0.460460,0.004472,2.115780,2.115780,0.695057,0.695057,1000.000000,1000.000000
0.461461,0.004459,2.116474,2.116474,0.694829,0.694829,1000.000000,1000.000000
0.462462,0.004445,2.117169,2.117169,0.694601,0.694601,1000.000000,1000.000000
0.463463,0.004432,2.117865,2.117865,0.694373,0.694373,1000.000000,1000.000000
0.464464,0.004419,2.118564,2.118564,0.694144,0.694144,1000.000000,1000.000000
0.465465,0.004405,2.119264,2.119264,0.693915,0.693915,1000.000000,1000.000000
0.466466,0.004392,2.119965,2.119965,0.693685,0.693685,1000.000000,1000.000000
0.467467,0.004379,2.120669,2.120669,0.693455,0.693455,1000.000000,1000.000000
0.468468,0.004366,2.121374,2.121374,0.693224,0.693224,1000.000000,1000.000000
0.469469,0.004353,2.122081,2.122081,0.692993,0.692993,1000.000000,1000.000000
0.470470,0.004340,2.122790,2.122790,0.692762,0.692762,1000.000000,1000.000000
0.471471,0.004327,2.123500,2.123500,0.692530,0.692530,1000.000000,1000.000000
0.472472,0.004314,2.124212,2.124212,0.692298,0.692298,1000.000000,1000.000000
0.473473,0.004301,2.124926,2.124926,0.692066,0.692066,1000.000000,1000.000000
0.474474,0.004288,2.125641,2.125641,0.691833,0.691833,1000.000000,1000.000000
0.475475,0.004275,2.126359,2.126359,0.691599,0.691599,1000.000000,1000.000000
0.476476,0.004262,2.127078,2.127078,0.691366,0.691366,1000.000000,1000.000000
0.477477,0.004249,2.127798,2.127798,0.691131,0.691131,1000.000000,1000.000000
0.478478,0.004237,2.128521,2.128521,0.690897,0.690897,1000.000000,1000.000000
0.479479,0.004224,2.129245,2.129245,0.690662,0.690662,1000.000000,1000.000000
0.480480,0.004211,2.129971,2.129971,0.690426,0.690426,1000.000000,1000.000000
0.481481,0.004199,2.130699,2.130699,0.690191,0.690191,1000.000000,1000.000000
0.482482,0.004186,2.131428,2.131428,0.689954,0.689954,1000.000000,1000.000000
0.483483,0.004173,2.132160,2.132160,0.689718,0.689718,1000.000000,1000.000000
0.484484,0.004161,2.132893,2.132893,0.689481,0.689481,1000.000000,1000.000000
0.485485,0.004148,2.133627,2.133627,0.689243,0.689243,1000.000000,1000.000000
0.486486,0.004136,2.134364,2.134364,0.689005,0.689005,1000.000000,1000.000000
0.487487,0.004124,2.135102,2.135102,0.688767,0.688767,1000.000000,1000.000000
0.488488,0.004111,2.135842,2.135842,0.688528,0.688528,1000.000000,1000.000000
0.489489,0.004099,2.136584,2.136584,0.688289,0.688289,1000.000000,1000.000000
0.490490,0.004087,2.137328,2.137328,0.688050,0.688050,1000.000000,1000.000000
0.491491,0.004074,2.138074,2.138074,0.687810,0.687810,1000.000000,1000.000000
0.492492,0.004062,2.138821,2.138821,0.687570,0.687570,1000.000000,1000.000000
0.493493,0.004050,2.139570,2.139570,0.687329,0.687329,1000.000000,1000.000000
0.494494,0.004038,2.140321,2.140321,0.687088,0.687088,1000.000000,1000.000000
0.495495,0.004026,2.141073,2.141073,0.686846,0.686846,1000.000000,1000.000000
0.496496,0.004014,2.141828,2.141828,0.686604,0.686604,1000.000000,1000.000000
0.497497,0.004002,2.142584,2.142584,0.686362,0.686362,1000.000000,1000.000000
0.498498,0.003990,2.143342,2.143342,0.686119,0.686119,1000.000000,1000.000000
0.499499,0.003978,2.144102,2.144102,0.685876,0.685876,1000.000000,1000.000000
0.500501,0.003966,2.144864,2.144864,0.685632,0.685632,1000.000000,1000.000000
0.501502,0.003954,2.145628,2.145628,0.685388,0.685388,1000.000000,1000.000000
0.502503,0.003942,2.146393,2.146393,0.685144,0.685144,1000.000000,1000.000000
0.503504,0.003930,2.147160,2.147160,0.684899,0.684899,1000.000000,1000.000000
0.504505,0.003918,2.147929,2.147929,0.684654,0.684654,1000.000000,1000.000000
0.505506,0.003907,2.148700,2.148700,0.684408,0.684408,1000.000000,1000.000000
0.506507,0.003895,2.149473,2.149473,0.684162,0.684162,1000.000000,1000.000000
0.507508,0.003883,2.150248,2.150248,0.683916,0.683916,1000.000000,1000.000000
0.508509,0.003872,2.151024,2.151024,0.683669,0.683669,1000.000000,1000.000000
0.509510,0.003860,2.151802,2.151802,0.683422,0.683422,1000.000000,1000.000000
0.510511,0.003848,2.152582,2.152582,0.683174,0.683174,1000.000000,1000.000000
0.511512,0.003837,2.153365,2.153365,0.682926,0.682926,1000.000000,1000.000000
0.512513,0.003825,2.154148,2.154148,0.682677,0.682677,1000.000000,1000.000000
0.513514,0.003814,2.154934,2.154934,0.682428,0.682428,1000.000000,1000.000000
0.514515,0.003802,2.155722,2.155722,0.682179,0.682179,1000.000000,1000.000000
0.515516,0.003791,2.156511,2.156511,0.681929,0.681929,1000.000000,1000.000000
0.516517,0.003780,2.157303,2.157303,0.681679,0.681679,1000.000000,1000.000000
0.517518,0.003768,2.158096,2.158096,0.681429,0.681429,1000.000000,1000.000000
0.518519,0.003757,2.158891,2.158891,0.681178,0.681178,1000.000000,1000.000000
0.519520,0.003746,2.159688,2.159688,0.680926,0.680926,1000.000000,1000.000000
0.520521,0.003735,2.160487,2.160487,0.680674,0.680674,1000.000000,1000.000000
0.521522,0.003723,2.161288,2.161288,0.680422,0.680422,1000.000000,1000.000000
0.522523,0.003712,2.162091,2.162091,0.680170,0.680170,1000.000000,1000.000000
0.523524,0.003701,2.162895,2.162895,0.679917,0.679917,1000.000000,1000.000000
0.524525,0.003690,2.163702,2.163702,0.679663,0.679663,1000.000000,1000.000000
0.525526,0.003679,2.164510,2.164510,0.679409,0.679409,1000.000000,1000.000000
0.526527,0.003668,2.165320,2.165320,0.679155,0.679155,1000.000000,1000.000000
0.527528,0.003657,2.166133,2.166133,0.678900,0.678900,1000.000000,1000.000000
0.528529,0.003646,2.166947,2.166947,0.678645,0.678645,1000.000000,1000.000000
0.529530,0.003635,2.167763,2.167763,0.678390,0.678390,1000.000000,1000.000000
0.530531,0.003624,2.168581,2.168581,0.678134,0.678134,1000.000000,1000.000000
0.531532,0.003613,2.169401,2.169401,0.677878,0.677878,1000.000000,1000.000000
0.532533,0.003602,2.170223,2.170223,0.677621,0.677621,1000.000000,1000.000000
0.533534,0.003592,2.171047,2.171047,0.677364,0.677364,1000.000000,1000.000000
0.534535,0.003581,2.171873,2.171873,0.677106,0.677106,1000.000000,1000.000000
0.535536,0.003570,2.172701,2.172701,0.676848,0.676848,1000.000000,1000.000000
0.536537,0.003559,2.173530,2.173530,0.676590,0.676590,1000.000000,1000.000000
0.537538,0.003549,2.174362,2.174362,0.676331,0.676331,1000.000000,1000.000000
0.538539,0.003538,2.175195,2.175195,0.676072,0.676072,1000.000000,1000.000000
0.539540,0.003527,2.176031,2.176031,0.675812,0.675812,1000.000000,1000.000000
0.540541,0.003517,2.176869,2.176869,0.675552,0.675552,1000.000000,1000.000000
0.541542,0.003506,2.177708,2.177708,0.675292,0.675292,1000.000000,1000.000000
0.542543,0.003496,2.178550,2.178550,0.675031,0.675031,1000.000000,1000.000000
0.543544,0.003485,2.179393,2.179393,0.674770,0.674770,1000.000000,1000.000000
0.544545,0.003475,2.180239,2.180239,0.674508,0.674508,1000.000000,1000.000000
0.545546,0.003464,2.181086,2.181086,0.674246,0.674246,1000.000000,1000.000000
0.546547,0.003454,2.181935,2.181935,0.673983,0.673983,1000.000000,1000.000000
0.547548,0.003444,2.182787,2.182787,0.673720,0.673720,1000.000000,1000.000000
0.548549,0.003433,2.183640,2.183640,0.673457,0.673457,1000.000000,1000.000000
0.549550,0.003423,2.184496,2.184496,0.673193,0.673193,1000.000000,1000.000000
0.550551,0.003413,2.185353,2.185353,0.672929,0.672929,1000.000000,1000.000000
0.551552,0.003403,2.186213,2.186213,0.672665,0.672665,1000.000000,1000.000000
0.552553,0.003392,2.187074,2.187074,0.672400,0.672400,1000.000000,1000.000000
0.553554,0.003382,2.187937,2.187937,0.672135,0.672135,1000.000000,1000.000000
0.554555,0.003372,2.188803,2.188803,0.671869,0.671869,1000.000000,1000.000000
0.555556,0.003362,2.189670,2.189670,0.671603,0.671603,1000.000000,1000.000000
0.556557,0.003352,2.190540,2.190540,0.671336,0.671336,1000.000000,1000.000000
0.557558,0.003342,2.191411,2.191411,0.671069,0.671069,1000.000000,1000.000000
0.558559,0.003332,2.192285,2.192285,0.670802,0.670802,1000.000000,1000.000000
0.559560,0.003322,2.193161,2.193161,0.670534,0.670534,1000.000000,1000.000000
0.560561,0.003312,2.194038,2.194038,0.670266,0.670266,1000.000000,1000.000000
0.561562,0.003302,2.194918,2.194918,0.669997,0.669997,1000.000000,1000.000000
0.562563,0.003292,2.195800,2.195800,0.669728,0.669728,1000.000000,1000.000000
0.563564,0.003282,2.196684,2.196684,0.669458,0.669458,1000.000000,1000.000000
0.564565,0.003272,2.197569,2.197569,0.669189,0.669189,1000.000000,1000.000000
0.565566,0.003263,2.198457,2.198457,0.668918,0.668918,1000.000000,1000.000000
0.566567,0.003253,2.199347,2.199347,0.668648,0.668648,1000.000000,1000.000000
0.567568,0.003243,2.200239,2.200239,0.668376,0.668376,1000.000000,1000.000000
0.568569,0.003233,2.201133,2.201133,0.668105,0.668105,1000.000000,1000.000000
0.569570,0.003224,2.202030,2.202030,0.667833,0.667833,1000.000000,1000.000000
0.570571,0.003214,2.202928,2.202928,0.667561,0.667561,1000.000000,1000.000000
0.571572,0.003204,2.203828,2.203828,0.667288,0.667288,1000.000000,1000.000000
0.572573,0.003195,2.204731,2.204731,0.667015,0.667015,1000.000000,1000.000000
0.573574,0.003185,2.205635,2.205635,0.666741,0.666741,1000.000000,1000.000000
0.574575,0.003176,2.206542,2.206542,0.666467,0.666467,1000.000000,1000.000000
0.575576,0.003166,2.207451,2.207451,0.666193,0.666193,1000.000000,1000.000000
0.576577,0.003157,2.208361,2.208361,0.665918,0.665918,1000.000000,1000.000000
0.577578,0.003147,2.209274,2.209274,0.665643,0.665643,1000.000000,1000.000000
0.578579,0.003138,2.210189,2.210189,0.665368,0.665368,1000.000000,1000.000000
0.579580,0.003128,2.211107,2.211107,0.665092,0.665092,1000.000000,1000.000000
0.580581,0.003119,2.212026,2.212026,0.664815,0.664815,1000.000000,1000.000000
0.581582,0.003109,2.212947,2.212947,0.664538,0.664538,1000.000000,1000.000000
0.582583,0.003100,2.213871,2.213871,0.664261,0.664261,1000.000000,1000.000000
0.583584,0.003091,2.214796,2.214796,0.663983,0.663983,1000.000000,1000.000000
0.584585,0.003082,2.215724,2.215724,0.663705,0.663705,1000.000000,1000.000000
0.585586,0.003072,2.216654,2.216654,0.663427,0.663427,1000.000000,1000.000000
0.586587,0.003063,2.217586,2.217586,0.663148,0.663148,1000.000000,1000.000000
0.587588,0.003054,2.218520,2.218520,0.662869,0.662869,1000.000000,1000.000000
0.588589,0.003045,2.219457,2.219457,0.662589,0.662589,1000.000000,1000.000000
0.589590,0.003036,2.220395,2.220395,0.662309,0.662309,1000.000000,1000.000000
0.590591,0.003027,2.221336,2.221336,0.662029,0.662029,1000.000000,1000.000000
0.591592,0.003017,2.222279,2.222279,0.661748,0.661748,1000.000000,1000.000000
0.592593,0.003008,2.223224,2.223224,0.661467,0.661467,1000.000000,1000.000000
0.593594,0.002999,2.224171,2.224171,0.661185,0.661185,1000.000000,1000.000000
0.594595,0.002990,2.225120,2.225120,0.660903,0.660903,1000.000000,1000.000000
0.595596,0.002981,2.226072,2.226072,0.660620,0.660620,1000.000000,1000.000000
0.596597,0.002973,2.227025,2.227025,0.660337,0.660337,1000.000000,1000.000000
0.597598,0.002964,2.227981,2.227981,0.660054,0.660054,1000.000000,1000.000000
0.598599,0.002955,2.228939,2.228939,0.659770,0.659770,1000.000000,1000.000000
0.599600,0.002946,2.229900,2.229900,0.659486,0.659486,1000.000000,1000.000000
0.600601,0.002937,2.230862,2.230862,0.659202,0.659202,1000.000000,1000.000000
0.601602,0.002928,2.231827,2.231827,0.658917,0.658917,1000.000000,1000.000000
0.602603,0.002919,2.232794,2.232794,0.658632,0.658632,1000.000000,1000.000000
0.603604,0.002911,2.233763,2.233763,0.658346,0.658346,1000.000000,1000.000000
0.604605,0.002902,2.234734,2.234734,0.658060,0.658060,1000.000000,1000.000000
0.605606,0.002893,2.235707,2.235707,0.657773,0.657773,1000.000000,1000.000000
0.606607,0.002885,2.236683,2.236683,0.657486,0.657486,1000.000000,1000.000000
0.607608,0.002876,2.237661,2.237661,0.657199,0.657199,1000.000000,1000.000000
0.608609,0.002867,2.238641,2.238641,0.656911,0.656911,1000.000000,1000.000000
0.609610,0.002859,2.239623,2.239623,0.656623,0.656623,1000.000000,1000.000000
0.610611,0.002850,2.240608,2.240608,0.656334,0.656334,1000.000000,1000.000000
0.611612,0.002842,2.241595,2.241595,0.656045,0.656045,1000.000000,1000.000000
0.612613,0.002833,2.242584,2.242584,0.655756,0.655756,1000.000000,1000.000000
0.613614,0.002825,2.243575,2.243575,0.655466,0.655466,1000.000000,1000.000000
0.614615,0.002816,2.244569,2.244569,0.655176,0.655176,1000.000000,1000.000000
0.615616,0.002808,2.245565,2.245565,0.654886,0.654886,1000.000000,1000.000000
0.616617,0.002799,2.246563,2.246563,0.654595,0.654595,1000.000000,1000.000000
0.617618,0.002791,2.247563,2.247563,0.654303,0.654303,1000.000000,1000.000000
0.618619,0.002782,2.248566,2.248566,0.654012,0.654012,1000.000000,1000.000000
0.619620,0.002774,2.249571,2.249571,0.653719,0.653719,1000.000000,1000.000000
0.620621,0.002766,2.250578,2.250578,0.653427,0.653427,1000.000000,1000.000000
0.621622,0.002758,2.251587,2.251587,0.653134,0.653134,1000.000000,1000.000000
0.622623,0.002749,2.252599,2.252599,0.652841,0.652841,1000.000000,1000.000000
0.623624,0.002741,2.253613,2.253613,0.652547,0.652547,1000.000000,1000.000000
0.624625,0.002733,2.254630,2.254630,0.652253,0.652253,1000.000000,1000.000000
0.625626,0.002725,2.255648,2.255648,0.651958,0.651958,1000.000000,1000.000000
0.626627,0.002716,2.256669,2.256669,0.651663,0.651663,1000.000000,1000.000000
0.627628,0.002708,2.257692,2.257692,0.651368,0.651368,1000.000000,1000.000000
0.628629,0.002700,2.258718,2.258718,0.651072,0.651072,1000.000000,1000.000000
0.629630,0.002692,2.259746,2.259746,0.650776,0.650776,1000.000000,1000.000000
0.630631,0.002684,2.260776,2.260776,0.650479,0.650479,1000.000000,1000.000000
0.631632,0.002676,2.261808,2.261808,0.650183,0.650183,1000.000000,1000.000000
0.632633,0.002668,2.262843,2.262843,0.649885,0.649885,1000.000000,1000.000000
0.633634,0.002660,2.263880,2.263880,0.649587,0.649587,1000.000000,1000.000000
0.634635,0.002652,2.264920,2.264920,0.649289,0.649289,1000.000000,1000.000000
0.635636,0.002644,2.265961,2.265961,0.648991,0.648991,1000.000000,1000.000000
0.636637,0.002636,2.267006,2.267006,0.648692,0.648692,1000.000000,1000.000000
0.637638,0.002628,2.268052,2.268052,0.648393,0.648393,1000.000000,1000.000000
0.638639,0.002620,2.269101,2.269101,0.648093,0.648093,1000.000000,1000.000000
0.639640,0.002612,2.270152,2.270152,0.647793,0.647793,1000.000000,1000.000000
0.640641,0.002605,2.271206,2.271206,0.647492,0.647492,1000.000000,1000.000000
0.641642,0.002597,2.272261,2.272261,0.647191,0.647191,1000.000000,1000.000000
0.642643,0.002589,2.273320,2.273320,0.646890,0.646890,1000.000000,1000.000000
0.643644,0.002581,2.274380,2.274380,0.646589,0.646589,1000.000000,1000.000000
0.644645,0.002573,2.275443,2.275443,0.646286,0.646286,1000.000000,1000.000000
0.645646,0.002566,2.276509,2.276509,0.645984,0.645984,1000.000000,1000.000000
0.646647,0.002558,2.277576,2.277576,0.645681,0.645681,1000.000000,1000.000000
0.647648,0.002550,2.278647,2.278647,0.645378,0.645378,1000.000000,1000.000000
0.648649,0.002543,2.279719,2.279719,0.645074,0.645074,1000.000000,1000.000000
0.649650,0.002535,2.280794,2.280794,0.644770,0.644770,1000.000000,1000.000000
0.650651,0.002528,2.281871,2.281871,0.644466,0.644466,1000.000000,1000.000000
0.651652,0.002520,2.282951,2.282951,0.644161,0.644161,1000.000000,1000.000000
0.652653,0.002512,2.284033,2.284033,0.643856,0.643856,1000.000000,1000.000000
0.653654,0.002505,2.285118,2.285118,0.643550,0.643550,1000.000000,1000.000000
0.654655,0.002497,2.286205,2.286205,0.643244,0.643244,1000.000000,1000.000000
0.655656,0.002490,2.287294,2.287294,0.642938,0.642938,1000.000000,1000.000000
0.656657,0.002482,2.288386,2.288386,0.642631,0.642631,1000.000000,1000.000000
0.657658,0.002475,2.289480,2.289480,0.642324,0.642324,1000.000000,1000.000000
0.658659,0.002468,2.290577,2.290577,0.642017,0.642017,1000.000000,1000.000000
0.659660,0.002460,2.291676,2.291676,0.641709,0.641709,1000.000000,1000.000000
0.660661,0.002453,2.292777,2.292777,0.641400,0.641400,1000.000000,1000.000000
0.661662,0.002445,2.293881,2.293881,0.641092,0.641092,1000.000000,1000.000000
0.662663,0.002438,2.294988,2.294988,0.640783,0.640783,1000.000000,1000.000000
0.663664,0.002431,2.296097,2.296097,0.640473,0.640473,1000.000000,1000.000000
0.664665,0.002423,2.297208,2.297208,0.640163,0.640163,1000.000000,1000.000000
0.665666,0.002416,2.298322,2.298322,0.639853,0.639853,1000.000000,1000.000000
0.666667,0.002409,2.299438,2.299438,0.639542,0.639542,1000.000000,1000.000000
0.667668,0.002402,2.300557,2.300557,0.639231,0.639231,1000.000000,1000.000000
0.668669,0.002395,2.301678,2.301678,0.638920,0.638920,1000.000000,1000.000000
0.669670,0.002387,2.302801,2.302801,0.638608,0.638608,1000.000000,1000.000000
0.670671,0.002380,2.303928,2.303928,0.638296,0.638296,1000.000000,1000.000000
0.671672,0.002373,2.305056,2.305056,0.637984,0.637984,1000.000000,1000.000000
0.672673,0.002366,2.306187,2.306187,0.637671,0.637671,1000.000000,1000.000000
0.673674,0.002359,2.307321,2.307321,0.637357,0.637357,1000.000000,1000.000000
0.674675,0.002352,2.308457,2.308457,0.637044,0.637044,1000.000000,1000.000000
0.675676,0.002345,2.309596,2.309596,0.636730,0.636730,1000.000000,1000.000000
0.676677,0.002338,2.310737,2.310737,0.636415,0.636415,1000.000000,1000.000000
0.677678,0.002331,2.311880,2.311880,0.636100,0.636100,1000.000000,1000.000000
0.678679,0.002324,2.313027,2.313027,0.635785,0.635785,1000.000000,1000.000000
0.679680,0.002317,2.314175,2.314175,0.635470,0.635470,1000.000000,1000.000000
0.680681,0.002310,2.315326,2.315326,0.635154,0.635154,1000.000000,1000.000000
0.681682,0.002303,2.316480,2.316480,0.634837,0.634837,1000.000000,1000.000000
0.682683,0.002296,2.317636,2.317636,0.634521,0.634521,1000.000000,1000.000000
0.683684,0.002289,2.318795,2.318795,0.634204,0.634204,1000.000000,1000.000000
0.684685,0.002282,2.319956,2.319956,0.633886,0.633886,1000.000000,1000.000000
0.685686,0.002275,2.321120,2.321120,0.633568,0.633568,1000.000000,1000.000000
0.686687,0.002269,2.322287,2.322287,0.633250,0.633250,1000.000000,1000.000000
0.687688,0.002262,2.323456,2.323456,0.632931,0.632931,1000.000000,1000.000000
0.688689,0.002255,2.324627,2.324627,0.632613,0.632613,1000.000000,1000.000000
0.689690,0.002248,2.325801,2.325801,0.632293,0.632293,1000.000000,1000.000000
0.690691,0.002241,2.326978,2.326978,0.631973,0.631973,1000.000000,1000.000000
0.691692,0.002235,2.328157,2.328157,0.631653,0.631653,1000.000000,1000.000000
0.692693,0.002228,2.329339,2.329339,0.631333,0.631333,1000.000000,1000.000000
0.693694,0.002221,2.330523,2.330523,0.631012,0.631012,1000.000000,1000.000000
0.694695,0.002215,2.331710,2.331710,0.630691,0.630691,1000.000000,1000.000000
0.695696,0.002208,2.332900,2.332900,0.630369,0.630369,1000.000000,1000.000000
0.696697,0.002201,2.334092,2.334092,0.630047,0.630047,1000.000000,1000.000000
0.697698,0.002195,2.335287,2.335287,0.629725,0.629725,1000.000000,1000.000000
0.698699,0.002188,2.336484,2.336484,0.629402,0.629402,1000.000000,1000.000000
0.699700,0.002182,2.337684,2.337684,0.629079,0.629079,1000.000000,1000.000000
0.700701,0.002175,2.338887,2.338887,0.628756,0.628756,1000.000000,1000.000000
0.701702,0.002169,2.340092,2.340092,0.628432,0.628432,1000.000000,1000.000000
0.702703,0.002162,2.341299,2.341299,0.628108,0.628108,1000.000000,1000.000000
0.703704,0.002156,2.342510,2.342510,0.627783,0.627783,1000.000000,1000.000000
0.704705,0.002149,2.343723,2.343723,0.627458,0.627458,1000.000000,1000.000000
0.705706,0.002143,2.344939,2.344939,0.627133,0.627133,1000.000000,1000.000000
0.706707,0.002136,2.346157,2.346157,0.626807,0.626807,1000.000000,1000.000000
0.707708,0.002130,2.347378,2.347378,0.626481,0.626481,1000.000000,1000.000000
0.708709,0.002124,2.348601,2.348601,0.626155,0.626155,1000.000000,1000.000000
0.709710,0.002117,2.349828,2.349828,0.625828,0.625828,1000.000000,1000.000000
0.710711,0.002111,2.351056,2.351056,0.625501,0.625501,1000.000000,1000.000000
0.711712,0.002104,2.352288,2.352288,0.625174,0.625174,1000.000000,1000.000000
0.712713,0.002098,2.353522,2.353522,0.624846,0.624846,1000.000000,1000.000000
0.713714,0.002092,2.354759,2.354759,0.624517,0.624517,1000.000000,1000.000000
0.714715,0.002086,2.355999,2.355999,0.624189,0.624189,1000.000000,1000.000000
0.715716,0.002079,2.357241,2.357241,0.623860,0.623860,1000.000000,1000.000000
0.716717,0.002073,2.358486,2.358486,0.623531,0.623531,1000.000000,1000.000000
0.717718,0.002067,2.359733,2.359733,0.623201,0.623201,1000.000000,1000.000000
0.718719,0.002061,2.360984,2.360984,0.622871,0.622871,1000.000000,1000.000000
0.719720,0.002055,2.362237,2.362237,0.622541,0.622541,1000.000000,1000.000000
0.720721,0.002048,2.363492,2.363492,0.622210,0.622210,1000.000000,1000.000000
0.721722,0.002042,2.364751,2.364751,0.621879,0.621879,1000.000000,1000.000000
0.722723,0.002036,2.366012,2.366012,0.621547,0.621547,1000.000000,1000.000000
0.723724,0.002030,2.367275,2.367275,0.621216,0.621216,1000.000000,1000.000000
0.724725,0.002024,2.368542,2.368542,0.620883,0.620883,1000.000000,1000.000000
0.725726,0.002018,2.369811,2.369811,0.620551,0.620551,1000.000000,1000.000000
0.726727,0.002012,2.371083,2.371083,0.620218,0.620218,1000.000000,1000.000000
0.727728,0.002006,2.372358,2.372358,0.619885,0.619885,1000.000000,1000.000000
0.728729,0.002000,2.373635,2.373635,0.619551,0.619551,1000.000000,1000.000000
0.729730,0.001994,2.374915,2.374915,0.619217,0.619217,1000.000000,1000.000000
0.730731,0.001988,2.376198,2.376198,0.618883,0.618883,1000.000000,1000.000000
0.731732,0.001982,2.377484,2.377484,0.618548,0.618548,1000.000000,1000.000000
0.732733,0.001976,2.378772,2.378772,0.618213,0.618213,1000.000000,1000.000000
0.733734,0.001970,2.380063,2.380063,0.617878,0.617878,1000.000000,1000.000000
0.734735,0.001964,2.381357,2.381357,0.617542,0.617542,1000.000000,1000.000000
0.735736,0.001958,2.382654,2.382654,0.617206,0.617206,1000.000000,1000.000000
0.736737,0.001952,2.383953,2.383953,0.616870,0.616870,1000.000000,1000.000000
0.737738,0.001946,2.385255,2.385255,0.616533,0.616533,1000.000000,1000.000000
0.738739,0.001941,2.386560,2.386560,0.616196,0.616196,1000.000000,1000.000000
0.739740,0.001935,2.387868,2.387868,0.615858,0.615858,1000.000000,1000.000000
0.740741,0.001929,2.389179,2.389179,0.615520,0.615520,1000.000000,1000.000000
0.741742,0.001923,2.390492,2.390492,0.615182,0.615182,1000.000000,1000.000000
0.742743,0.001917,2.391808,2.391808,0.614844,0.614844,1000.000000,1000.000000
0.743744,0.001912,2.393127,2.393127,0.614505,0.614505,1000.000000,1000.000000
0.744745,0.001906,2.394449,2.394449,0.614166,0.614166,1000.000000,1000.000000
0.745746,0.001900,2.395773,2.395773,0.613826,0.613826,1000.000000,1000.000000
0.746747,0.001895,2.397100,2.397100,0.613486,0.613486,1000.000000,1000.000000
0.747748,0.001889,2.398431,2.398431,0.613146,0.613146,1000.000000,1000.000000
0.748749,0.001883,2.399764,2.399764,0.612805,0.612805,1000.000000,1000.000000
0.749750,0.001878,2.401099,2.401099,0.612465,0.612465,1000.000000,1000.000000
0.750751,0.001872,2.402438,2.402438,0.612123,0.612123,1000.000000,1000.000000
0.751752,0.001866,2.403780,2.403780,0.611782,0.611782,1000.000000,1000.000000
0.752753,0.001861,2.405124,2.405124,0.611440,0.611440,1000.000000,1000.000000
0.753754,0.001855,2.406471,2.406471,0.611097,0.611097,1000.000000,1000.000000
0.754755,0.001850,2.407821,2.407821,0.610755,0.610755,1000.000000,1000.000000
0.755756,0.001844,2.409174,2.409174,0.610412,0.610412,1000.000000,1000.000000
0.756757,0.001838,2.410530,2.410530,0.610069,0.610069,1000.000000,1000.000000
0.757758,0.001833,2.411888,2.411888,0.609725,0.609725,1000.000000,1000.000000
0.758759,0.001827,2.413250,2.413250,0.609381,0.609381,1000.000000,1000.000000
0.759760,0.001822,2.414614,2.414614,0.609037,0.609037,1000.000000,1000.000000
0.760761,0.001817,2.415981,2.415981,0.608692,0.608692,1000.000000,1000.000000
0.761762,0.001811,2.417351,2.417351,0.608347,0.608347,1000.000000,1000.000000
0.762763,0.001806,2.418724,2.418724,0.608002,0.608002,1000.000000,1000.000000
0.763764,0.001800,2.420100,2.420100,0.607656,0.607656,1000.000000,1000.000000
0.764765,0.001795,2.421479,2.421479,0.607310,0.607310,1000.000000,1000.000000
0.765766,0.001789,2.422861,2.422861,0.606964,0.606964,1000.000000,1000.000000
0.766767,0.001784,2.424245,2.424245,0.606617,0.606617,1000.000000,1000.000000
0.767768,0.001779,2.425633,2.425633,0.606270,0.606270,1000.000000,1000.000000
0.768769,0.001773,2.427023,2.427023,0.605923,0.605923,1000.000000,1000.000000
0.769770,0.001768,2.428416,2.428416,0.605575,0.605575,1000.000000,1000.000000
0.770771,0.001763,2.429813,2.429813,0.605227,0.605227,1000.000000,1000.000000
0.771772,0.001757,2.431212,2.431212,0.604879,0.604879,1000.000000,1000.000000
0.772773,0.001752,2.432614,2.432614,0.604530,0.604530,1000.000000,1000.000000
0.773774,0.001747,2.434019,2.434019,0.604181,0.604181,1000.000000,1000.000000
0.774775,0.001742,2.435427,2.435427,0.603832,0.603832,1000.000000,1000.000000
0.775776,0.001736,2.436838,2.436838,0.603482,0.603482,1000.000000,1000.000000
0.776777,0.001731,2.438252,2.438252,0.603132,0.603132,1000.000000,1000.000000
0.777778,0.001726,2.439669,2.439669,0.602782,0.602782,1000.000000,1000.000000
0.778779,0.001721,2.441088,2.441088,0.602431,0.602431,1000.000000,1000.000000
0.779780,0.001716,2.442511,2.442511,0.602080,0.602080,1000.000000,1000.000000
0.780781,0.001711,2.443937,2.443937,0.601729,0.601729,1000.000000,1000.000000
0.781782,0.001705,2.445366,2.445366,0.601378,0.601378,1000.000000,1000.000000
0.782783,0.001700,2.446797,2.446797,0.601026,0.601026,1000.000000,1000.000000
0.783784,0.001695,2.448232,2.448232,0.600674,0.600674,1000.000000,1000.000000
0.784785,0.001690,2.449670,2.449670,0.600321,0.600321,1000.000000,1000.000000
0.785786,0.001685,2.451110,2.451110,0.599968,0.599968,1000.000000,1000.000000
0.786787,0.001680,2.452554,2.452554,0.599615,0.599615,1000.000000,1000.000000
0.787788,0.001675,2.454001,2.454001,0.599262,0.599262,1000.000000,1000.000000
0.788789,0.001670,2.455450,2.455450,0.598908,0.598908,1000.000000,1000.000000
0.789790,0.001665,2.456903,2.456903,0.598554,0.598554,1000.000000,1000.000000
0.790791,0.001660,2.458359,2.458359,0.598199,0.598199,1000.000000,1000.000000
0.791792,0.001655,2.459817,2.459817,0.597844,0.597844,1000.000000,1000.000000
0.792793,0.001650,2.461279,2.461279,0.597489,0.597489,1000.000000,1000.000000
0.793794,0.001645,2.462744,2.462744,0.597134,0.597134,1000.000000,1000.000000
0.794795,0.001640,2.464212,2.464212,0.596778,0.596778,1000.000000,1000.000000
0.795796,0.001635,2.465683,2.465683,0.596422,0.596422,1000.000000,1000.000000
0.796797,0.001630,2.467156,2.467156,0.596066,0.596066,1000.000000,1000.000000
0.797798,0.001625,2.468633,2.468633,0.595709,0.595709,1000.000000,1000.000000
0.798799,0.001621,2.470113,2.470113,0.595353,0.595353,1000.000000,1000.000000
0.799800,0.001616,2.471596,2.471596,0.594995,0.594995,1000.000000,1000.000000
0.800801,0.001611,2.473083,2.473083,0.594638,0.594638,1000.000000,1000.000000
0.801802,0.001606,2.474572,2.474572,0.594280,0.594280,1000.000000,1000.000000
0.802803,0.001601,2.476064,2.476064,0.593922,0.593922,1000.000000,1000.000000
0.803804,0.001596,2.477559,2.477559,0.593563,0.593563,1000.000000,1000.000000
0.804805,0.001592,2.479058,2.479058,0.593204,0.593204,1000.000000,1000.000000
0.805806,0.001587,2.480559,2.480559,0.592845,0.592845,1000.000000,1000.000000
0.806807,0.001582,2.482064,2.482064,0.592486,0.592486,1000.000000,1000.000000
0.807808,0.001577,2.483572,2.483572,0.592126,0.592126,1000.000000,1000.000000
0.808809,0.001573,2.485083,2.485083,0.591766,0.591766,1000.000000,1000.000000
0.809810,0.001568,2.486596,2.486596,0.591406,0.591406,1000.000000,1000.000000
0.810811,0.001563,2.488113,2.488113,0.591045,0.591045,1000.000000,1000.000000
0.811812,0.001559,2.489634,2.489634,0.590685,0.590685,1000.000000,1000.000000
0.812813,0.001554,2.491157,2.491157,0.590323,0.590323,1000.000000,1000.000000
0.813814,0.001549,2.492683,2.492683,0.589962,0.589962,1000.000000,1000.000000
0.814815,0.001545,2.494213,2.494213,0.589600,0.589600,1000.000000,1000.000000
0.815816,0.001540,2.495746,2.495746,0.589238,0.589238,1000.000000,1000.000000
0.816817,0.001535,2.497281,2.497281,0.588876,0.588876,1000.000000,1000.000000
0.817818,0.001531,2.498820,2.498820,0.588513,0.588513,1000.000000,1000.000000
0.818819,0.001526,2.500362,2.500362,0.588150,0.588150,1000.000000,1000.000000
0.819820,0.001522,2.501908,2.501908,0.587787,0.587787,1000.000000,1000.000000
0.820821,0.001517,2.503456,2.503456,0.587423,0.587423,1000.000000,1000.000000
0.821822,0.001512,2.505008,2.505008,0.587059,0.587059,1000.000000,1000.000000
0.822823,0.001508,2.506563,2.506563,0.586695,0.586695,1000.000000,1000.000000
0.823824,0.001503,2.508121,2.508121,0.586331,0.586331,1000.000000,1000.000000
0.824825,0.001499,2.509682,2.509682,0.585966,0.585966,1000.000000,1000.000000
0.825826,0.001494,2.511246,2.511246,0.585601,0.585601,1000.000000,1000.000000
0.826827,0.001490,2.512814,2.512814,0.585236,0.585236,1000.000000,1000.000000
0.827828,0.001485,2.514384,2.514384,0.584870,0.584870,1000.000000,1000.000000
0.828829,0.001481,2.515958,2.515958,0.584504,0.584504,1000.000000,1000.000000
0.829830,0.001477,2.517535,2.517535,0.584138,0.584138,1000.000000,1000.000000
0.830831,0.001472,2.519116,2.519116,0.583772,0.583772,1000.000000,1000.000000
0.831832,0.001468,2.520699,2.520699,0.583405,0.583405,1000.000000,1000.000000
0.832833,0.001463,2.522286,2.522286,0.583038,0.583038,1000.000000,1000.000000
0.833834,0.001459,2.523876,2.523876,0.582671,0.582671,1000.000000,1000.000000
0.834835,0.001455,2.525469,2.525469,0.582303,0.582303,1000.000000,1000.000000
0.835836,0.001450,2.527066,2.527066,0.581935,0.581935,1000.000000,1000.000000
0.836837,0.001446,2.528665,2.528665,0.581567,0.581567,1000.000000,1000.000000
0.837838,0.001442,2.530268,2.530268,0.581199,0.581199,1000.000000,1000.000000
0.838839,0.001437,2.531874,2.531874,0.580830,0.580830,1000.000000,1000.000000
0.839840,0.001433,2.533484,2.533484,0.580461,0.580461,1000.000000,1000.000000
0.840841,0.001429,2.535096,2.535096,0.580092,0.580092,1000.000000,1000.000000
0.841842,0.001424,2.536712,2.536712,0.579722,0.579722,1000.000000,1000.000000
0.842843,0.001420,2.538332,2.538332,0.579352,0.579352,1000.000000,1000.000000
0.843844,0.001416,2.539954,2.539954,0.578982,0.578982,1000.000000,1000.000000
0.844845,0.001412,2.541580,2.541580,0.578612,0.578612,1000.000000,1000.000000
0.845846,0.001407,2.543209,2.543209,0.578241,0.578241,1000.000000,1000.000000
0.846847,0.001403,2.544841,2.544841,0.577870,0.577870,1000.000000,1000.000000
0.847848,0.001399,2.546477,2.546477,0.577499,0.577499,1000.000000,1000.000000
0.848849,0.001395,2.548116,2.548116,0.577128,0.577128,1000.000000,1000.000000
0.849850,0.001390,2.549758,2.549758,0.576756,0.576756,1000.000000,1000.000000
0.850851,0.001386,2.551404,2.551404,0.576384,0.576384,1000.000000,1000.000000
0.851852,0.001382,2.553053,2.553053,0.576012,0.576012,1000.000000,1000.000000
0.852853,0.001378,2.554705,2.554705,0.575639,0.575639,1000.000000,1000.000000
0.853854,0.001374,2.556361,2.556361,0.575266,0.575266,1000.000000,1000.000000
0.854855,0.001370,2.558019,2.558019,0.574893,0.574893,1000.000000,1000.000000
0.855856,0.001366,2.559682,2.559682,0.574520,0.574520,1000.000000,1000.000000
0.856857,0.001362,2.561347,2.561347,0.574146,0.574146,1000.000000,1000.000000
0.857858,0.001357,2.563016,2.563016,0.573773,0.573773,1000.000000,1000.000000
0.858859,0.001353,2.564688,2.564688,0.573398,0.573398,1000.000000,1000.000000
0.859860,0.001349,2.566364,2.566364,0.573024,0.573024,1000.000000,1000.000000
0.860861,0.001345,2.568043,2.568043,0.572649,0.572649,1000.000000,1000.000000
0.861862,0.001341,2.569725,2.569725,0.572275,0.572275,1000.000000,1000.000000
0.862863,0.001337,2.571411,2.571411,0.571899,0.571899,1000.000000,1000.000000
0.863864,0.001333,2.573100,2.573100,0.571524,0.571524,1000.000000,1000.000000
0.864865,0.001329,2.574792,2.574792,0.571148,0.571148,1000.000000,1000.000000
0.865866,0.001325,2.576488,2.576488,0.570772,0.570772,1000.000000,1000.000000
0.866867,0.001321,2.578187,2.578187,0.570396,0.570396,1000.000000,1000.000000
0.867868,0.001317,2.579890,2.579890,0.570020,0.570020,1000.000000,1000.000000
0.868869,0.001313,2.581596,2.581596,0.569643,0.569643,1000.000000,1000.000000
0.869870,0.001309,2.583305,2.583305,0.569266,0.569266,1000.000000,1000.000000
0.870871,0.001305,2.585018,2.585018,0.568889,0.568889,1000.000000,1000.000000
0.871872,0.001302,2.586734,2.586734,0.568511,0.568511,1000.000000,1000.000000
0.872873,0.001298,2.588454,2.588454,0.568134,0.568134,1000.000000,1000.000000
0.873874,0.001294,2.590177,2.590177,0.567756,0.567756,1000.000000,1000.000000
0.874875,0.001290,2.591904,2.591904,0.567378,0.567378,1000.000000,1000.000000
0.875876,0.001286,2.593634,2.593634,0.566999,0.566999,1000.000000,1000.000000
0.876877,0.001282,2.595367,2.595367,0.566620,0.566620,1000.000000,1000.000000
0.877878,0.001278,2.597104,2.597104,0.566242,0.566242,1000.000000,1000.000000
0.878879,0.001275,2.598844,2.598844,0.565862,0.565862,1000.000000,1000.000000
0.879880,0.001271,2.600588,2.600588,0.565483,0.565483,1000.000000,1000.000000
0.880881,0.001267,2.602335,2.602335,0.565103,0.565103,1000.000000,1000.000000
0.881882,0.001263,2.604086,2.604086,0.564723,0.564723,1000.000000,1000.000000
0.882883,0.001259,2.605840,2.605840,0.564343,0.564343,1000.000000,1000.000000
0.883884,0.001256,2.607598,2.607598,0.563963,0.563963,1000.000000,1000.000000
0.884885,0.001252,2.609359,2.609359,0.563582,0.563582,1000.000000,1000.000000
0.885886,0.001248,2.611124,2.611124,0.563201,0.563201,1000.000000,1000.000000
0.886887,0.001244,2.612892,2.612892,0.562820,0.562820,1000.000000,1000.000000
0.887888,0.001241,2.614663,2.614663,0.562439,0.562439,1000.000000,1000.000000
0.888889,0.001237,2.616438,2.616438,0.562057,0.562057,1000.000000,1000.000000
0.889890,0.001233,2.618217,2.618217,0.561675,0.561675,1000.000000,1000.000000
0.890891,0.001229,2.619999,2.619999,0.561293,0.561293,1000.000000,1000.000000
0.891892,0.001226,2.621785,2.621785,0.560911,0.560911,1000.000000,1000.000000
0.892893,0.001222,2.623574,2.623574,0.560529,0.560529,1000.000000,1000.000000
0.893894,0.001218,2.625367,2.625367,0.560146,0.560146,1000.000000,1000.000000
0.894895,0.001215,2.627163,2.627163,0.559763,0.559763,1000.000000,1000.000000
0.895896,0.001211,2.628963,2.628963,0.559380,0.559380,1000.000000,1000.000000
0.896897,0.001207,2.630766,2.630766,0.558996,0.558996,1000.000000,1000.000000
0.897898,0.001204,2.632573,2.632573,0.558612,0.558612,1000.000000,1000.000000
0.898899,0.001200,2.634384,2.634384,0.558229,0.558229,1000.000000,1000.000000
0.899900,0.001197,2.636198,2.636198,0.557844,0.557844,1000.000000,1000.000000
0.900901,0.001193,2.638015,2.638015,0.557460,0.557460,1000.000000,1000.000000
0.901902,0.001189,2.639836,2.639836,0.557076,0.557076,1000.000000,1000.000000
0.902903,0.001186,2.641661,2.641661,0.556691,0.556691,1000.000000,1000.000000
0.903904,0.001182,2.643489,2.643489,0.556306,0.556306,1000.000000,1000.000000
0.904905,0.001179,2.645321,2.645321,0.555920,0.555920,1000.000000,1000.000000
0.905906,0.001175,2.647157,2.647157,0.555535,0.555535,1000.000000,1000.000000
0.906907,0.001172,2.648996,2.648996,0.555149,0.555149,1000.000000,1000.000000
0.907908,0.001168,2.650839,2.650839,0.554763,0.554763,1000.000000,1000.000000
0.908909,0.001165,2.652685,2.652685,0.554377,0.554377,1000.000000,1000.000000
0.909910,0.001161,2.654535,2.654535,0.553991,0.553991,1000.000000,1000.000000
0.910911,0.001158,2.656389,2.656389,0.553604,0.553604,1000.000000,1000.000000
0.911912,0.001154,2.658246,2.658246,0.553218,0.553218,1000.000000,1000.000000
0.912913,0.001151,2.660107,2.660107,0.552831,0.552831,1000.000000,1000.000000
0.913914,0.001147,2.661971,2.661971,0.552443,0.552443,1000.000000,1000.000000
0.914915,0.001144,2.663839,2.663839,0.552056,0.552056,1000.000000,1000.000000
0.915916,0.001140,2.665711,2.665711,0.551668,0.551668,1000.000000,1000.000000
0.916917,0.001137,2.667586,2.667586,0.551280,0.551280,1000.000000,1000.000000
0.917918,0.001134,2.669465,2.669465,0.550892,0.550892,1000.000000,1000.000000
0.918919,0.001130,2.671348,2.671348,0.550504,0.550504,1000.000000,1000.000000
0.919920,0.001127,2.673234,2.673234,0.550116,0.550116,1000.000000,1000.000000
0.920921,0.001123,2.675124,2.675124,0.549727,0.549727,1000.000000,1000.000000
0.921922,0.001120,2.677018,2.677018,0.549338,0.549338,1000.000000,1000.000000
0.922923,0.001117,2.678916,2.678916,0.548949,0.548949,1000.000000,1000.000000
0.923924,0.001113,2.680817,2.680817,0.548560,0.548560,1000.000000,1000.000000
0.924925,0.001110,2.682722,2.682722,0.548170,0.548170,1000.000000,1000.000000
0.925926,0.001107,2.684630,2.684630,0.547781,0.547781,1000.000000,1000.000000
0.926927,0.001103,2.686542,2.686542,0.547391,0.547391,1000.000000,1000.000000
0.927928,0.001100,2.688458,2.688458,0.547001,0.547001,1000.000000,1000.000000
0.928929,0.001097,2.690378,2.690378,0.546610,0.546610,1000.000000,1000.000000
0.929930,0.001094,2.692301,2.692301,0.546220,0.546220,1000.000000,1000.000000
0.930931,0.001090,2.694228,2.694228,0.545829,0.545829,1000.000000,1000.000000
0.931932,0.001087,2.696159,2.696159,0.545438,0.545438,1000.000000,1000.000000
0.932933,0.001084,2.698094,2.698094,0.545047,0.545047,1000.000000,1000.000000
0.933934,0.001080,2.700032,2.700032,0.544656,0.544656,1000.000000,1000.000000
0.934935,0.001077,2.701974,2.701974,0.544264,0.544264,1000.000000,1000.000000
0.935936,0.001074,2.703920,2.703920,0.543873,0.543873,1000.000000,1000.000000
0.936937,0.001071,2.705870,2.705870,0.543481,0.543481,1000.000000,1000.000000
0.937938,0.001068,2.707823,2.707823,0.543089,0.543089,1000.000000,1000.000000
0.938939,0.001064,2.709780,2.709780,0.542697,0.542697,1000.000000,1000.000000
0.939940,0.001061,2.711741,2.711741,0.542304,0.542304,1000.000000,1000.000000
0.940941,0.001058,2.713706,2.713706,0.541911,0.541911,1000.000000,1000.000000
0.941942,0.001055,2.715674,2.715674,0.541519,0.541519,1000.000000,1000.000000
0.942943,0.001052,2.717646,2.717646,0.541126,0.541126,1000.000000,1000.000000
0.943944,0.001049,2.719623,2.719623,0.540732,0.540732,1000.000000,1000.000000
0.944945,0.001045,2.721602,2.721602,0.540339,0.540339,1000.000000,1000.000000
0.945946,0.001042,2.723586,2.723586,0.539946,0.539946,1000.000000,1000.000000
0.946947,0.001039,2.725574,2.725574,0.539552,0.539552,1000.000000,1000.000000
0.947948,0.001036,2.727565,2.727565,0.539158,0.539158,1000.000000,1000.000000
0.948949,0.001033,2.729560,2.729560,0.538764,0.538764,1000.000000,1000.000000
0.949950,0.001030,2.731559,2.731559,0.538370,0.538370,1000.000000,1000.000000
0.950951,0.001027,2.733562,2.733562,0.537975,0.537975,1000.000000,1000.000000
0.951952,0.001024,2.735569,2.735569,0.537580,0.537580,1000.000000,1000.000000
0.952953,0.001021,2.737579,2.737579,0.537186,0.537186,1000.000000,1000.000000
0.953954,0.001017,2.739594,2.739594,0.536791,0.536791,1000.000000,1000.000000
0.954955,0.001014,2.741612,2.741612,0.536395,0.536395,1000.000000,1000.000000
0.955956,0.001011,2.743634,2.743634,0.536000,0.536000,1000.000000,1000.000000
0.956957,0.001008,2.745660,2.745660,0.535605,0.535605,1000.000000,1000.000000
0.957958,0.001005,2.747690,2.747690,0.535209,0.535209,1000.000000,1000.000000
0.958959,0.001002,2.749724,2.749724,0.534813,0.534813,1000.000000,1000.000000
0.959960,0.000999,2.751761,2.751761,0.534417,0.534417,1000.000000,1000.000000
0.960961,0.000996,2.753803,2.753803,0.534021,0.534021,1000.000000,1000.000000
0.961962,0.000993,2.755848,2.755848,0.533625,0.533625,1000.000000,1000.000000
0.962963,0.000990,2.757898,2.757898,0.533228,0.533228,1000.000000,1000.000000
0.963964,0.000987,2.759951,2.759951,0.532831,0.532831,1000.000000,1000.000000
0.964965,0.000984,2.762008,2.762008,0.532434,0.532434,1000.000000,1000.000000
0.965966,0.000981,2.764069,2.764069,0.532037,0.532037,1000.000000,1000.000000
0.966967,0.000979,2.766134,2.766134,0.531640,0.531640,1000.000000,1000.000000
0.967968,0.000976,2.768203,2.768203,0.531243,0.531243,1000.000000,1000.000000
0.968969,0.000973,2.770276,2.770276,0.530845,0.530845,1000.000000,1000.000000
0.969970,0.000970,2.772353,2.772353,0.530448,0.530448,1000.000000,1000.000000
0.970971,0.000967,2.774434,2.774434,0.530050,0.530050,1000.000000,1000.000000
0.971972,0.000964,2.776519,2.776519,0.529652,0.529652,1000.000000,1000.000000
0.972973,0.000961,2.778607,2.778607,0.529254,0.529254,1000.000000,1000.000000
0.973974,0.000958,2.780700,2.780700,0.528855,0.528855,1000.000000,1000.000000
0.974975,0.000955,2.782797,2.782797,0.528457,0.528457,1000.000000,1000.000000
0.975976,0.000952,2.784898,2.784898,0.528058,0.528058,1000.000000,1000.000000
0.976977,0.000950,2.787002,2.787002,0.527660,0.527660,1000.000000,1000.000000
0.977978,0.000947,2.789111,2.789111,0.527261,0.527261,1000.000000,1000.000000
0.978979,0.000944,2.791224,2.791224,0.526862,0.526862,1000.000000,1000.000000
0.979980,0.000941,2.793340,2.793340,0.526462,0.526462,1000.000000,1000.000000
0.980981,0.000938,2.795461,2.795461,0.526063,0.526063,1000.000000,1000.000000
0.981982,0.000935,2.797586,2.797586,0.525663,0.525663,1000.000000,1000.000000
0.982983,0.000933,2.799714,2.799714,0.525264,0.525264,1000.000000,1000.000000
0.983984,0.000930,2.801847,2.801847,0.524864,0.524864,1000.000000,1000.000000
0.984985,0.000927,2.803984,2.803984,0.524464,0.524464,1000.000000,1000.000000
0.985986,0.000924,2.806125,2.806125,0.524064,0.524064,1000.000000,1000.000000
0.986987,0.000921,2.808269,2.808269,0.523664,0.523664,1000.000000,1000.000000
0.987988,0.000919,2.810418,2.810418,0.523263,0.523263,1000.000000,1000.000000
0.988989,0.000916,2.812571,2.812571,0.522863,0.522863,1000.000000,1000.000000
0.989990,0.000913,2.814728,2.814728,0.522462,0.522462,1000.000000,1000.000000
0.990991,0.000910,2.816889,2.816889,0.522061,0.522061,1000.000000,1000.000000
0.991992,0.000908,2.819055,2.819055,0.521660,0.521660,1000.000000,1000.000000
0.992993,0.000905,2.821224,2.821224,0.521259,0.521259,1000.000000,1000.000000
0.993994,0.000902,2.823397,2.823397,0.520858,0.520858,1000.000000,1000.000000
0.994995,0.000900,2.825575,2.825575,0.520456,0.520456,1000.000000,1000.000000
0.995996,0.000897,2.827756,2.827756,0.520055,0.520055,1000.000000,1000.000000
0.996997,0.000894,2.829942,2.829942,0.519653,0.519653,1000.000000,1000.000000
0.997998,0.000892,2.832131,2.832131,0.519251,0.519251,1000.000000,1000.000000
0.998999,0.000889,2.834325,2.834325,0.518849,0.518849,1000.000000,1000.000000
1.000000,0.000886,2.836523,2.836523,0.518447,0.518447,1000.000000,1000.000000
